Date,Day,S_Guinea,E_Guinea,I_Guinea,R_Guinea,C_Guinea,D_Guinea,Cases_Guinea,Noise_Guinea,S_Liberia,E_Liberia,I_Liberia,R_Liberia,C_Liberia,D_Liberia,Cases_Liberia,Noise_Liberia,S_SierraLeone,E_SierraLeone,I_SierraLeone,R_SierraLeone,C_SierraLeone,D_SierraLeone,Cases_SierraLeone,Noise_SierraLeone
2013-12-28,0,1991500.0,0.0,1000.0,0.0,0.0,0.0,0.0,0,1499900.0,0.0,100.0,0.0,0.0,0.0,0.0,0,1007400.0,0.0,100.0,0.0,0.0,0.0,0.0,0
2013-12-29,1,1991965.2653154416,475.1098029417004,711.3198355582696,64.88164697118704,253.1736066443446,30.26867929966822,253.1736066443446,275,1498358.5539546239,47.89716673372429,71.15995070794935,6.4890399193240205,25.319754174052196,3.0444997669453797,25.319754174052196,38,1003396.9829257526,50.07442208016165,71.27729560928653,6.4922058787982015,25.332740351797092,3.186576931699746,25.332740351797092,12
2013-12-30,2,1991393.1547611027,773.2034493918857,550.2379302140549,112.80898633402198,440.45108940415116,105.16338826540223,187.27748275980656,92,1496827.1351189606,78.28865530619586,55.15256272843806,11.289599869546748,44.06960379896815,10.614080050472168,18.749849624915957,14,1000570.9236907463,81.7619008231884,55.49216667944705,11.308691662332551,44.15005126478947,11.094058682247834,18.817310912992376,10
2013-12-31,3,1990185.8695726653,970.0212703157133,463.4516847205181,151.39087645514513,591.4605170249539,208.68245824320834,151.00942762080274,205,1495301.8093583619,98.46731583136267,46.60835435310527,15.16768699682909,59.229203671598746,21.110624619978147,15.159599872630594,16,998457.4520392548,102.95265634148515,47.20202136539766,15.219513960133396,59.44945835642,22.06110367609168,15.299407091630535,19
2014-01-01,4,1988588.5733251867,1109.3663744973016,420.08951031543245,185.06573885713027,723.4809537995769,331.6998868997357,132.02043677462302,223,1493780.225934298,112.78693528806964,42.40340757935785,18.56732808367544,72.53047524067762,33.60883818706585,13.301271569078871,6,996775.3708007432,118.23659986084789,43.268894760246724,18.670951012999154,72.96969849574225,35.14493732955218,13.520240139322247,15
2014-01-02,5,1986750.5459449275,1216.6392964431893,402.26151554757257,216.4345448373898,846.6368572001022,469.0710726841385,123.15590340052529,42,1492260.9958809663,123.81518608078052,40.733764234904754,21.74638861219457,84.9822039671606,47.58255960179301,12.451728726482983,13,995354.3938647938,130.27840497531588,41.888293912122855,21.92297100409461,85.72468081552007,49.820302643768,12.754982319777824,19
2014-01-03,6,1984762.5659284485,1306.608818348268,399.6038689724765,247.03290954405304,966.9069515102756,617.9628788915571,120.27009431017336,101,1490743.2962999193,133.05878600639988,40.56149311800849,24.855910035371718,97.17636555209099,62.74037171869936,12.194161584930384,14,994091.3876195169,140.62632724230846,42.02454497480253,25.12863449885124,98.31187246003438,65.80436773117151,12.587191644514306,17
2014-01-04,7,1982679.7341012862,1387.8933337939488,406.11963975257277,277.7791961558516,1087.8693678704128,776.8881979465687,120.96241636013724,128,1489226.6317903246,141.4017326719054,41.29069669619045,27.98578773815853,109.4653665066352,78.92854583200449,12.289000954544221,7,992923.8757295371,150.18346277926753,43.084569496762235,28.379771214729058,111.08995537870051,82.95536638111523,12.77808291866613,11
2014-01-05,8,1980535.3978526471,1465.551708357109,418.34682296681103,309.23478694851684,1211.7144589892416,945.1473071814207,123.8450911188288,64,1487710.6944209174,149.3648473517194,42.5800402467635,31.190937078463833,122.06420500667153,96.07425936705353,12.598838500036322,10,991813.9972682984,159.48092626315417,44.729992299982726,31.73322192403318,124.28107609669438,101.21408794892216,13.191120717993869,19
2014-01-06,9,1978349.641254818,1542.5832618659113,434.2953492523295,341.755289918136,1339.8328053996645,1122.5045737140103,128.11834641042287,172,1486195.2826462034,157.257901830745,44.23477692982226,34.506278628021995,135.1092953503545,114.15253900934037,13.045090343682972,10,990738.7939852731,168.83578134493814,46.76906985221821,35.22591837465221,138.0296951134613,120.57017203385666,13.74861901676691,11
2014-01-07,10,1976134.4595205702,1620.7968679346418,452.83018809802553,375.5783908412043,1473.1567050837057,1309.0014683125116,133.32389968404118,111,1484680.2546560587,165.26832350948925,46.144652210259565,37.95533913257999,148.69235407601403,133.1670728767204,13.583058725659527,16,989684.3294943953,178.44222721645107,49.09455923675327,38.88355922926278,152.4364800002257,141.04273372341257,14.406784886764427,11
2014-01-08,11,1973896.9114213332,1701.3147538026178,473.31335929626977,410.87490774628935,1612.35860095125,1504.8485761254644,139.2018958675444,270,1483165.50159724,173.5127983865623,48.248193387353226,41.5552052315852,162.87994535814747,153.13909973714595,14.18759128213344,9,988642.1284769918,188.42422673232554,51.64800162567709,42.72561140923308,167.5778517264239,162.66926108579608,15.141371726198173,20
2014-01-09,12,1971641.0390662279,1784.8646526077928,495.3962280175299,447.77848115872155,1757.9664950337892,1710.3634080414627,145.60789408253913,154,1481650.9321929694,182.06726881668135,50.5121604883029,45.31938872503936,177.72477719467233,174.10099490519994,14.844831836524861,18,987607.0205370327,198.8658876573536,54.399189899617355,46.76820174375036,183.5172835696925,185.4992872226762,15.939431843268608,16
2014-01-10,13,1969369.0364976905,1871.9492971251557,518.8990281314157,486.40286694789836,1910.4312040690531,1925.934776765111,152.46470903526392,179,1480136.4638810863,190.9843766770288,52.91971313639768,49.25949238500041,193.27224913456968,196.09258656847666,15.547471939897349,17,986575.8345250601,209.8290163159913,57.33436625001326,51.02579656785643,200.31185893789484,209.59081951046213,16.794575368202345,13
2014-01-11,14,1967081.960629886,1962.9448225187687,543.7410094145888,526.852039551799,2070.165685980257,2152.0025890983575,159.73448191120383,144,1478622.017675381,200.3036169909824,55.463592901873184,53.386184823001464,209.56426489355593,219.15906047870922,16.292015758986253,15,985546.6078041566,221.36327716109403,60.44944070222208,55.51218464891923,218.01610432354437,235.00836299696925,17.70424538564953,38
2014-01-12,15,1964780.1634245971,2058.1579683300565,569.8999615349395,569.2261289012496,2237.568177171,2389.046592967343,167.40249119074315,202,1477107.5151521764,210.05725964986627,58.14219486303259,57.70977629505941,226.64146899198778,243.3497899528704,17.07720409843185,18,984518.107308024,233.51209119684418,63.74609851045181,60.241059669201476,236.68425721113084,261.8218676189336,18.668152887586473,23
2014-01-13,16,1962463.5543006328,2157.8594061585914,597.3887841038143,613.6249454686365,2413.035952929611,2637.5803347301708,175.46777575861097,200,1475592.8766492945,220.27381396512243,60.957305255979385,62.24056355877188,244.54457545594013,268.71770623543244,17.903106463952355,24,983489.539389706,246.31607943193652,67.22957048560822,65.22637271584189,256.37163638821534,290.10621298191523,19.687379177084495,17
2014-01-14,17,1960131.7591686132,2262.3032369742396,626.2419476660056,660.1501112199628,2596.973663801706,2898.1481572224893,183.93771087209507,140,1474078.0201557202,230.98006627664878,63.912800775335334,66.98904092945729,263.3151739814749,295.3189856887714,18.77059852553478,17,982460.3739832428,259.81509274911326,70.9073610748336,70.48255297147762,277.1354989605141,319.941008215716,20.763862572298763,21
2014-01-15,18,1957784.216521048,2371.7384801767103,656.5076943593014,708.9063867611223,2789.7985416290176,3171.3239819660653,192.8248778273114,106,1472562.8605935613,242.20228889791912,67.01390340202857,71.96603384162167,282.996236097792,323.21292399741105,19.681062116317094,36,981430.2379807803,274.0494287324387,74.78852844763684,76.02465324073749,299.03560547282467,351.41057885331986,21.900106512310572,28
2014-01-16,19,1955420.2351916723,2486.4159291390124,688.2435700479364,760.0025369982287,2991.943806389792,3457.711148173461,202.14526476077435,271,1471047.3093213865,253.96696803305903,70.26675642566136,77.18278764369008,303.63244993259207,352.46192201066225,20.63621383480006,21,980398.8505170447,289.06058187251756,78.88328308445331,81.86845302524392,322.13462079976455,384.60406714671507,23.099015326939877,42
2014-01-17,20,1953039.0287656668,2606.5923293376804,721.5138910247716,813.5519338483285,3203.8610466207574,3757.942887921132,211.9172402309655,142,1469531.273760854,266.3012527999638,73.67818636780659,82.65103070334557,325.2704579695663,383.1315394889771,21.638008036974213,33,979365.9836243452,304.8917270711191,83.20277047167505,88.03053807864814,346.4984245228462,419.61560365620954,24.363803723081674,31
2014-01-18,21,1950639.735757089,2732.5330128497203,756.3883350749921,869.6730111871734,3426.0220223227366,4072.683194662488,222.16097570197917,260,1468014.6570901948,279.2332429787126,77.25557266502753,88.38302297765745,347.9590408804305,415.2905914237526,22.688582910864227,32,978331.438243725,321.5880518946038,87.75896055523633,94.5283674288958,372.19637345965253,456.54452608991437,25.697948936806313,33
2014-01-19,22,1948221.4310993187,2864.513646387737,792.9411870135352,928.4896389219392,3658.920151412043,4402.627945306155,232.89812908930662,202,1466497.3579719274,292.79218398977554,81.00677997224425,94.39159659368,371.7492724303392,449.01127231377393,23.790231549908697,23,977295.0295273878,339.1970043159446,92.56459944832366,101.38033427365497,399.3015411424355,495.49563184990564,27.105167682782962,16
2014-01-20,23,1945783.1323213007,3002.821473820408,831.250966200606,990.1314550974927,3903.071831847294,4748.506195817424,244.1516804352509,258,1464979.2702958554,307.00860904884286,84.94012701300706,100.69019229963963,396.6946600097403,484.36930002429096,24.945387579401086,23,976256.5777590772,357.7684945953395,97.63319780115366,108.60582451254119,427.8909487650116,536.5794568040411,28.58940762257612,19
2014-01-21,24,1943323.8024599499,3147.7562740216586,871.400278037332,1054.7341787401372,4159.017688388758,5111.0816049307305,255.94585654146385,237,1463460.2829261993,321.9144518301777,89.06437692322015,107.29289407914058,422.8512793126257,521.4440744978829,26.156619302885417,28,975215.9026674248,377.3550737488245,102.97904113439853,116.22527515603495,458.04579620867804,579.9125763178569,30.154847443666426,24
2014-01-22,25,1940842.3509546106,3299.631162104824,913.4757978441662,1122.4399167624852,4427.323796323175,5491.153960637249,268.306107934417,335,1461940.279446219,337.54314330094127,93.38874040480991,114.21446330465993,450.2779081993489,560.3188487163037,27.426628886723165,30,974172.8197843074,398.01210171343337,108.61721371288952,124.26023397328936,489.8516983678292,625.6179266271739,31.805902159151174,53
2014-01-23,26,1938337.633280168,3458.7733083150624,957.5683340303852,1193.3974728255253,4708.58291325805,5889.560795753494,281.25911693487524,397,1460419.1378962426,353.9297007594737,97.92288668860493,121.47037327076383,479.03616277523884,601.0809105617936,28.758254575889964,19,973127.1380313096,419.7979129334478,114.56363115193255,132.7334212365896,523.3989300565174,673.8251458312563,33.547231688688214,37
2014-01-24,27,1935808.4497777843,3625.5246176588366,1003.7729397962396,1267.762662914195,5003.415737784195,6307.17908563086,294.8328245261446,264,1458896.7305025,371.11081383137287,102.67695943578288,129.07684463398567,509.19063756168,643.8217749630443,30.154474786441142,42,972078.6580390498,442.77398399036116,120.83507903340713,141.6687941315566,558.7826816734242,724.6709344977174,35.38375161690681,23
2014-01-25,28,1933253.5439613347,3800.242395252561,1052.1890555523169,1345.6986405686514,5312.47220667922,6744.927024982319,309.0564688950253,306,1457372.9233949971,389.1249302682171,107.6615959388191,137.05088210326153,540.8090509751996,688.6373861488743,31.618413413519647,19,971027.1708988635,467.0051061155366,127.44925601113012,151.09161423856193,596.1033271813017,778.2994363006076,37.32064550787743,25
2014-01-26,29,1930671.6004676525,3983.3000118524888,1102.9206717417944,1427.3762336653085,5636.432838197219,7203.765883072437,323.960631517999,321,1455847.57631314,408.0123432823682,112.88794869557123,145.41031261830057,573.9623969540874,735.6283300967348,33.15334597888773,28,969972.4571642627,492.5595644010057,134.42482057953467,161.02851839961062,635.4667056136062,834.862639381958,39.36337843230456,35
2014-01-27,30,1928061.242751895,4175.087577895409,1156.0765060931087,1512.9742940366527,5976.010126600623,7684.7019378285195,339.57728840340405,257,1454320.542298092,427.8152815052065,118.36770884270857,154.17382519184054,608.7251033611681,784.9000574260474,34.762706407080714,38,968914.2859909872,519.5093249394091,141.7814410816912,171.50759323584953,676.9844171386046,894.5207993034728,41.51771152499839,47
2014-01-28,31,1925421.0305887759,4376.012630783172,1211.7701918388584,1602.6800608693013,6331.9499917058465,8188.788490182468,355.93986510522336,370,1452791.6673709743,448.57800228155264,124.11313117385943,163.3610125569279,645.1751976760848,836.5631170905391,36.45009431491678,35,967852.414347672,547.9302307931329,149.53984876620763,182.5584535563054,720.7741346220538,957.442884578915,43.78971748344918,57
2014-01-29,32,1922749.4574158427,4586.5008380097415,1270.120474880826,1696.6895386169003,6705.033286408702,8717.127960373657,373.0832947028557,206,1451260.7901961172,470.3468887967448,130.13706060687502,172.99241474127209,683.3944804304616,890.7334012936952,38.21928275437676,33,966786.5862553208,577.9022075077711,157.721893839056,194.21232488817608,766.9599315942563,1023.8070458714668,46.185796972202525,43
2014-01-30,33,1920044.9475401314,4806.996717439375,1331.2514187032273,1795.207890046579,7096.077364686117,9270.874068169029,391.0440782774149,475,1449727.7417285712,493.17055140986105,136.45296004557835,183.08956468118814,723.4687068122275,947.5324021024426,40.074226381765925,22,965716.5320295426,609.509478785519,166.3506045369373,206.5021303575122,815.6726275250704,1093.801110019164,48.71269593081411,48
2014-01-31,34,1917305.8532205422,5037.9643752286975,1395.2926163020072,1898.4498449656783,7505.937712283806,9851.234099057509,409.8603475976888,171,1448192.3448451078,517.0999334967223,143.07493962930124,193.67503598348202,765.4877768562496,1007.0874802732395,42.0190700440221,58,964641.9675091113,642.8407928817212,175.45024929735942,219.46258215224478,867.0501513253203,1167.6231001194712,51.37752380024983,118
2014-02-01,35,1914530.451633003,5279.8882613460855,1462.3794086473354,2006.6401251312748,7935.509642123441,10459.471258501257,429.57192983963523,326,1446654.413957937,542.1884220693486,150.01778739176152,204.77249294313745,809.5459346413951,1069.5321468384248,44.058157785145454,41,963562.5932601109,677.989660264874,185.046402130375,233.13027780617932,921.2379240211816,1245.4817829696706,54.18777269586133,44
2014-02-02,36,1911716.9417223334,5533.273942245508,1532.6531093247233,2120.01388581358,8385.730056338394,11096.907116296437,450.22041421495305,613,1445113.7546103245,568.4919634194982,157.29700136834015,216.4067429261355,855.7419769233699,1135.0063580308743,46.19604228197477,25,962478.0937484199,715.0546030725287,195.16601131624333,247.54380155098067,978.3892615826736,1327.5972452228784,57.15133756149203,64
2014-02-03,37,1908863.4409429636,5798.648889937907,1606.2612350529434,2238.817174464405,8857.579276769211,11764.924143049946,471.8492204308168,490,1443570.1630532872,596.0691840277627,164.9288232021642,228.60379123032513,904.1794716492042,1203.656824157863,48.43749472583431,58,961388.1364753162,754.139416900582,205.8374715672272,262.7438309945271,1038.6657989333105,1414.2014996914254,60.276537350636886,43
2014-02-04,38,1905967.9818897673,6076.563286418269,1683.3577417820006,2363.3074069106615,9352.08294562729,12464.968340628508,494.5036688580785,448,1442023.4258025084,624.9815169753329,172.93027330592275,241.39089853953277,954.9669868098031,1275.6373330552651,50.7875151605989,22,960292.3710722455,795.3534454626553,217.09069979915094,278.7732493914989,1102.2379361983112,1505.5391232751233,63.57213726500072,75
2014-02-05,39,1903028.5088202427,6367.590842074689,1764.1032660364313,2493.753861421647,9870.313997753086,13198.551968042764,518.2310521257969,433,1440473.319174653,655.2933340833079,181.31918763745466,254.79664108354288,1008.2183300777879,1351.1090887430387,53.251343267984794,31,959190.4283516041,838.8118686297836,228.95721465606474,295.6772637686403,1169.2853082355864,1601.8679279730848,67.04737203727518,69
2014-02-06,40,1900042.8740680402,6672.329626604488,1848.6653711821725,2630.4381911596097,10413.394706542267,13967.256365057045,543.0807087891808,370,1438919.60880199,687.07208406805,190.11425616769722,268.85097364893323,1064.0527998074901,1430.241066086971,55.83446972970228,76,958081.9193103503,884.6360045080977,241.4702199753522,313.5035292385126,1239.9972787779275,1703.459666839851,70.71197054234108,67
2014-02-07,41,1897008.834349564,6991.402910432351,1937.2187981572984,2773.6549552615706,10982.4988045706,14772.734874363761,569.1040980283324,495,1437362.0491244886,720.3884369361803,199.33506310283158,283.58529555748277,1122.5954478617298,1513.210382113639,58.542648054239635,47,956966.4340839854,932.953626054434,254.66469233889703,332.30227977614044,1314.5734602788998,1810.6007764076608,74.57618150097233,67
2014-02-08,42,1893924.046966011,7325.460014349151,2029.9457201605605,2923.7121686899736,11578.853679508515,15616.715862561055,596.3548749379152,457,1435800.3828585995,755.3164348159677,209.00212891650153,299.0325197178858,1183.9773546866222,1600.2026845649984,61.38190682489244,65,955843.5408488748,983.8992926592795,268.57747283945287,352.12646570883607,1393.2242604592614,1923.5931569597208,78.65080018036156,34
2014-02-09,43,1890786.0659000669,7675.177165017021,2127.036000810923,3080.9318716240286,12203.742648467423,16501.005843405128,624.8889689589087,834,1434234.3404410675,791.9336496665914,219.13695431670965,315.22714497531456,1248.3359175293292,1691.4125589444832,64.35856284270699,56,954712.7846689603,1037.6146976862071,283.24736334790305,373.0318984304237,1476.1714575889143,2042.7549935037312,82.94719712965298,122
2014-02-10,44,1887592.3378133925,8041.258353132748,2228.687454993761,3245.6507179781192,12858.50730916912,17427.492700526484,654.7646607016959,855,1432663.639447496,830.3213479180023,229.76206616373204,332.20533179996903,1315.8151519629625,1787.043954277772,67.47923443363334,50,953573.6862861209,1094.2490320384782,298.71522731224366,395.0774024501649,1563.648804945074,2168.4216180316334,87.47734735615973,95
2014-02-11,45,1884340.1979295397,8424.436194172551,2335.1061126822087,3418.220586147251,13544.549980401578,18398.149025599214,686.0426712324588,452,1431087.9839813919,870.5646632134999,240.9010656687862,350.00498188268864,1386.5660089825985,1887.3106307699147,70.75085701963599,49,952425.7408448517,1153.9593663399876,315.0240958223702,418.3249759918668,1655.9026692825337,2300.9464198916194,92.25386433745962,102
2014-02-12,46,1881026.8658546808,8825.472778977679,2446.506481938031,3599.0092046747654,14263.336202614737,19415.035531450678,718.7862222131589,259,1429507.0640403153,912.7527753533844,252.57867834349915,368.6658207779532,1460.746704248036,1992.4366245150472,74.18069526543741,177,951268.4165651315,1216.9110474369138,332.2192777555821,442.83995842215967,1753.1926964763604,2440.701794471093,97.29002719382675,92
2014-02-13,47,1877649.4413422446,9245.160507841616,2563.1118102327573,3788.400793068778,15016.39729965641,20480.30454051232,753.0610970416728,804,1427920.5548574578,956.9790958542269,264.8208058299683,388.22948382911346,1538.5230604100443,2102.6567305685167,77.77635616200837,102,950101.1533596492,1283.2781100480836,350.3484743011765,468.6912050562109,1855.7925065214802,2588.0801332408146,102.59981004511974,119
2014-02-14,48,1874204.8998694078,9684.322933790212,2685.154351323824,3986.796738003731,15805.33308258424,21596.203657804777,788.9357829278306,1019,1426328.116197213,1003.3414661597011,277.65458128424956,408.73960817531076,1620.0688736735872,2218.2170201047425,81.54581326354287,82,948923.3613505303,1353.2437168731926,369.46190151100035,495.9512750310649,1963.990440514754,2743.4948873094986,108.19793399327386,90
2014-02-15,49,1870690.0882026055,10143.81557330085,2812.875625209132,4194.616279816099,16631.814595397467,22765.07948980963,826.4815128132268,1208,1424729.39162823,1051.9423618010424,291.10842644597386,430.24192779517654,1705.5662924689502,2339.375374514041,85.49741879536305,156,947734.4193344516,1427.0006121975289,389.61241674293314,524.6966261670175,2078.090335455337,2907.381669915181,114.099894940583,130
2014-02-16,50,1867101.7198975566,10624.526690975292,2946.5266749737743,4412.297218313663,17497.58693882326,23989.38145856198,865.7723434257932,864,1423124.0077634833,1102.8891054001865,305.2121112273437,452.78437296341747,1795.2062137141675,2466.402044179304,89.63992124521724,40,946533.6731743827,1504.751595166552,410.85565083337883,555.0078196200218,2198.412338012168,3080.1994137341085,120.3220025568312,154
2014-02-17,51,1863436.3707350027,11127.378053343085,3086.368318122001,4640.296639128778,18404.472177200638,25271.665714909966,906.8852383773774,392,1421511.5734641014,1156.2940893781733,319.99681604521476,476.4171745629437,1889.188698433887,2599.580234379848,93.98248471971965,39,945320.4341110471,1586.710014487018,433.25014641755655,586.9697352921072,2325.2937611098364,3262.4315882775018,126.88142309766818,141
2014-02-18,52,1859690.4741848207,11653.3256348118,3232.6713861159074,4879.091646453199,19354.372271845772,26614.59907334065,949.9000946451342,706,1419891.6790215182,1212.2750042772218,335.4951957387287,501.1929713516747,1987.7233991617022,2739.206707624943,98.5347007278151,61,944093.9770252812,1673.1002752980874,456.85749975260353,620.6717940641738,2459.0899676863287,3454.5874550206836,133.7962065764923,168
2014-02-19,53,1855860.317034326,12203.360236900771,3385.716949073491,5129.180082990347,20349.271964378873,28020.96286892978,994.8996925331012,989,1418263.89533628,1270.9550673431875,351.74144372054064,527.166917811012,2091.0299896731585,2885.5923891569823,103.3065905114563,134,942853.5386907066,1764.1583455327848,481.7425032107408,656.2081819735249,2600.1752622363324,3657.2033330100635,141.0852945500037,117
2014-02-20,54,1851942.0336449842,12778.508273601088,3545.7966005777052,5391.081483653091,21391.242596892193,29493.658054581792,1041.9706325133193,1229,1416627.772818976,1332.46332820342,368.7713777095767,554.3968285657452,2199.3387404493988,3039.063177618931,108.30875077624023,104,941598.3154335711,1860.1324327573284,507.9733355159117,693.6781508422382,2748.944086428351,3870.8442952678997,148.76882419201866,178
2014-02-21,55,1847931.6027496117,13379.832085010104,3713.2125774289348,5665.337640749272,22482.444378779415,31035.708176405435,1091.2017818872228,1341,1414982.8406934151,1396.9348615256472,386.62249363939526,582.9432702729908,2312.8908848553506,3199.9604602521,113.55214440595182,120,940327.4616427922,1961.2834092339147,535.6216807355307,733.1862113187606,2905.8117869719704,4096.105255098108,156.86770054361932,267
2014-02-22,56,1843824.8420396165,14008.430527624296,3888.2779937513087,5952.5135403819595,23625.13014045981,32650.26433654877,1142.6857616803936,744,1413328.6058727836,1464.511078037363,405.334052956149,612.869709687948,2431.9392091629115,3368.641943470066,119.04832430756096,70,939040.0873747346,2067.8854967370103,564.7629211927712,774.842442569766,3071.2158474125213,4333.612710741048,165.4040604405509,204
2014-02-23,57,1839617.4037706174,14665.439301264109,4071.3170170725575,6253.198156607203,24821.648520131494,34340.60938377015,1196.5183796716847,1028,1411664.5519569172,1535.340000584066,424.9471605108074,644.2426460669832,2556.748580196035,3545.482395446668,124.80937103312363,104,937735.2562126769,2180.2268710766452,595.4763098717616,818.7627705663641,3245.616995156916,4584.026312344812,174.40114774439462,255
2014-02-24,58,1835304.770261309,15352.031206732661,4262.6650258304735,6568.005285305922,26074.447311396012,36110.16228809214,1252.7987912645185,902,1409990.1381554997,1609.5765599262184,445.5048479530185,677.1317535373613,2687.596512710182,3730.8744442606203,130.84793251414703,62,936411.9829688591,2298.610307498218,627.845154260098,865.0692678205226,3429.50039389616,4848.040547951562,183.88339873924406,213
2014-02-25,59,1830882.249506083,16069.416297017158,4462.668703484502,6897.574389501659,27386.07685885917,37962.48251249853,1311.6295474631588,1540,1408304.7981630457,1687.3829030846432,467.0521600835725,711.6100301414689,2824.773763391871,3925.229412533149,137.17725068168875,121,935069.2312852729,2423.3538504765115,661.9570045108817,913.8904679272913,3623.376895016574,5126.3865081139,193.8765011204141,285
2014-02-26,60,1826344.9709197092,16818.841880303153,4671.686127135654,7242.571449092683,28759.193474043892,39901.27440472739,1373.116615184721,889,1406607.9389880002,1768.9287129725826,489.6362449365861,747.7539531805063,2968.5849499906763,4128.978187455785,143.8111865988053,89,933705.9111391782,2554.7915032791134,697.9038498926518,965.3616938231366,3827.7843436965145,5419.833727688776,204.40744867994044,104
2014-02-27,61,1821687.8811999396,17601.592417221535,4890.086842299252,7603.689810927971,30196.562854463307,41930.39157919819,1437.3693804194154,1672,1404898.9397550838,1854.3915344072955,513.3064459247205,785.6436382955411,3119.3491853651753,4342.572111668863,150.7642353744991,69,932320.8762956874,2693.273926978843,735.7823194552357,1019.6253940590108,4043.2889169753516,5729.192072124044,215.50457327883714,206
2014-02-28,62,1816905.7405377554,18418.989076280614,5118.251878070536,7981.65104985991,31701.063552783704,44053.84130243204,1504.5006983203966,2398,1403177.1504000488,1943.9571267576173,538.1144020296853,825.3630134277761,3277.400770890571,4566.483956965663,158.0515855253957,153,930912.9215395331,2839.1691854526057,775.6938987622991,1076.8315114729446,4270.486590997253,6055.313802538624,227.19767402190155,273
2014-03-01,63,1811993.1189807004,19272.389249656684,5356.5736996591695,8377.205819424775,33275.69040547791,46275.788764809346,1574.626852694204,1320,1401441.890356122,2037.8198187417909,564.1141477810344,866.9999940791321,3443.0898950616725,4801.208904329523,165.6891241711014,135,929480.7798965365,2992.8634915592897,817.7451431983008,1137.1378544247596,4510.004618516429,6399.095650303824,239.51802751917603,243
2014-03-02,64,1806944.3929631617,20163.185908356754,5605.456141199444,8791.13470526026,34923.557975198986,48600.561349887226,1647.8675697210783,1353,1399692.4471952273,2136.182874208034,591.3622167145246,910.646664851093,3616.7833571457745,5047.265559006974,173.69346208410207,170,928023.1197635985,3154.7619711945076,862.0478982800813,1200.7104816207973,4762.5030605962,6761.480966899542,252.49844207977094,125
2014-03-03,65,1801753.7424831581,21092.806508347716,5865.3141957686,9224.249067362643,36647.90395667056,51032.65271496501,1724.3459814715752,819,1397928.0751498654,2239.2588869896226,619.9177527149187,956.3994777950937,3798.865357925357,5305.197057981175,182.08200077958236,139,926538.5418084137,3325.289470372529,908.7195311101541,1267.7241228796108,5028.676461709301,7143.462065560734,266.17340111310114,149
2014-03-04,66,1796415.1484271751,22062.711795470124,6136.573868030619,9677.391860007121,38452.09249430614,53576.72682307658,1804.1885376355785,1602,1396147.9936481598,2347.270170727349,649.8426215373723,1004.3594490680629,3989.7382837058794,5575.572169139871,190.87292578052256,145,925025.5759076066,3504.8913436194966,957.8831647798387,1338.3625952670045,5309.255506516709,7546.08254279333,280.5790448074076,356
2014-03-05,67,1790922.3904234383,23074.394248626133,6419.671915133432,10151.438440449901,40339.617461497284,56237.62181494863,1887.5249671911442,962,1394351.3857558102,2460.4491712166546,681.2015285005645,1054.6323687291158,4189.823542769017,5858.9864626827375,200.08525906313753,267,923482.6779073526,3694.0342743106944,1009.6679214408358,1412.8192471713064,5605.008788143963,7970.439749016661,295.7532816272542,222
2014-03-06,68,1785269.0455083582,24129.37604948614,6715.055445222868,10647.29733736288,42314.105587145285,59020.353546142025,1974.4881256480003,2248,1392537.39652735,2579.0388993462493,714.0621419475609,1107.329023666313,4399.562454257592,6156.063554346464,209.73891148857547,258,921908.2262318357,3893.207111216958,1064.209170974126,1491.2974289826875,5916.744682801822,8417.687398769509,311.7358946578588,258
2014-03-07,69,1779448.4867021677,25229.20714057705,7023.181505754171,11165.911021845888,44379.31959114114,61930.11912526345,2065.214003995854,1639,1390705.1313731186,2703.293360607375,748.4952151192068,1162.5654183404015,4619.417128345096,6467.456336063156,219.85467408750355,155,920300.5185225604,4102.9217015123195,1121.6487749192713,1574.0109591649318,6245.3132060033995,8889.038152993035,328.5685232015776,405
2014-03-08,70,1773453.8831564279,26375.462361335256,7344.5163991002955,11708.25660147319,46539.16102819937,64972.299812074554,2159.8414370582323,1464,1388853.6542474024,2833.478025324455,784.5747194169504,1220.4630213896073,4849.871449672169,6793.848348097503,230.45432132707265,123,918657.7679761386,4323.713757642591,1182.135340906939,1661.184642809263,6591.60807854673,9385.766476067232,346.2948725433307,356
2014-03-09,71,1767278.2003852858,27569.73847905942,7679.535170944078,12275.346483437264,48797.67300869704,68152.46393344132,2258.511980497671,2736,1386981.9858761572,2969.8702860011517,822.3779773886529,1281.1490068428202,5091.432039314456,7135.955123864092,241.5605896422876,250,916978.0997786871,4556.143686806241,1245.824483161349,1753.0547768606089,6956.568739583438,9909.211432259464,364.9606610367082,380
2014-03-10,72,1760914.2016774453,28813.65060043258,8028.720833414331,12868.228977276736,51159.04268905213,71476.369243707,2361.3696803550847,1588,1385089.1018608753,3112.759942829117,861.9858025314838,1344.7565134707127,5344.629289182817,7494.52563280698,253.1972498683608,162,915259.547344588,4800.797437654456,1312.8790846182412,1849.8696914286145,7341.182503972637,10460.779665550432,384.6137643891989,313
2014-03-11,73,1754354.4503306984,30108.828171984434,8392.56345164306,13487.988841497367,53627.60354504241,74949.96487504797,2468.560855990283,1552,1383173.9307218355,3262.4497017100657,903.4826424166667,1411.4249132755922,5610.018432949159,7870.343772612956,265.3891437663424,356,913500.0484793108,5058.287342486076,1383.4695571936722,1951.8903078930202,7746.486786970056,11041.948462436096,405.30428299741834,440
2014-03-12,74,1747591.3129770232,31456.91049557697,8771.558987997209,14135.747756057634,56207.83735787546,78579.39268364676,2580.233812833052,2765,1381235.3518617952,3419.2556893944143,946.9567250248006,1481.3000920698535,5888.180665285819,8264.229925495136,278.16223233665914,232,911697.4414470335,5329.252955665441,1457.774092916218,2059.3907190737227,8173.5714173770675,11654.2689170299,427.0846304070119,609
2014-03-13,75,1740616.9642560626,32859.54134860039,9166.208180441734,14812.664695423631,58904.37581665216,82370.98814674659,2696.5384587766966,2477,1379272.1934314969,3583.5079852888957,992.5002145809158,1554.5347447508461,6179.724319869757,8677.042598008959,291.5436545839384,339,909849.4609240093,5614.361864174369,1535.9789322122597,2172.658794900793,8623.581053122118,12299.369242356443,450.0096357450502,494
2014-03-14,76,1733423.3920873967,34318.36366089912,9577.015336710363,15519.936185024262,61722.001652385276,86331.28058539092,2817.625835733117,2348,1377283.230342296,3755.551112812331,1040.209354976382,1631.2886513409403,6485.285970743739,9109.679951907461,305.5616508739822,352,907953.7342971676,5914.310397266646,1618.2786003711972,2291.9967447167755,9097.717424442642,12978.957832646034,474.13637132052463,409
2014-03-15,77,1726002.4056908258,35835.01209570209,10004.486606380897,16258.796531190359,64665.649707108605,90466.99278329629,2943.6480547233296,2509,1375267.1816497867,3935.744681198476,1090.1846572313605,1711.729041702866,6805.531887596154,9563.081824884881,320.24591685241467,249,906007.7768703982,6229.824505618917,1704.8762049140737,2417.721855480533,9597.242279459711,13694.827271365913,499.52485501706906,698
2014-03-16,78,1718345.6437284737,37411.10677458657,10449.128247972769,17030.517793773648,67740.40695006787,94785.03927436053,3074.757242959269,3251,1373222.7085615122,4124.463866666036,1142.5310364644388,1796.0308759783327,7141.159154988768,10038.23127746868,335.62726739261416,209,904008.9883744356,6561.660335551002,1795.9836152865241,2550.16705017667,10123.479613570555,14448.85731937211,526.2373341108432,680
2014-03-17,79,1710444.584678549,39048.244948123014,10911.444831843268,17836.409735678088,70951.51243905158,99292.52449684183,3211.1054889837105,3594,1371148.411907004,4322.10001807013,1197.3579926243578,1884.377200419873,7492.897092509324,10536.156562779535,351.73793752055553,393,901954.6485421065,6910.604928566077,1891.8217265142514,2689.6815942530716,10677.81849009873,15243.018731855318,554.3388765281761,581
2014-03-18,80,1702290.5592139908,40747.99215024323,11391.937025893472,18677.819553731846,74304.35641722997,103996.73944130135,3352.843978178382,4214,1369042.8296498198,4529.061242777879,1254.7797829407552,1976.9595003775914,7861.508663809253,11057.933074017177,368.6115712999299,351,899841.9129518999,7277.476786725591,1992.6206756702688,2836.6317843139996,11261.715791626262,16079.376940775797,583.8973015275315,445
2014-03-19,81,1693874.7642522324,42511.87259476679,11891.099227024095,19556.131454657487,77804.47880431496,108905.157381322,3500.1223870849935,3962,1366904.4343420456,4745.772998429038,1314.915596666073,2073.9780633589153,8247.791926047945,11604.68534511264,386.28326223869135,215,897667.8089060927,7663.126368191218,2098.6200394371626,2991.4016478681087,11876.699016558654,16960.09577537519,614.9832249323917,651
2014-03-20,82,1685188.279266819,44341.35856086643,12409.41692445393,20472.766030499788,81457.56690479504,114025.42834978167,3653.088100480076,3560,1364731.630478431,4972.67869764784,1377.8897351173946,2175.6423588471675,8652.581546455962,12177.58914125663,404.7896204080171,340,895429.2313231841,8068.436484995458,2210.069016797934,3154.3936631455153,12524.369157390014,17887.441270738123,647.6701408313602,686
2014-03-21,83,1676222.085036769,46237.8587202683,12947.36378040035,21429.17941020853,85269.45224109864,119365.37223013652,3811.8853363036033,2424,1362522.7517552844,5210.24032307191,1443.8317959055453,2282.1714345963014,9076.750384950852,12777.873636810788,424.1688384948902,449,893122.9386842533,8494.322585854596,2327.2265874146246,3326.029496332709,13206.403650275346,18863.785541870235,682.0344928853319,704
2014-03-22,84,1666967.0835696214,48202.706204807124,13505.39861329553,22426.86224457346,89246.10672568381,124932.9709174514,3976.654484585175,1910,1360276.0584104455,5458.939013303055,1512.8768492413055,2393.7943039308198,9521.211041076738,13406.823540359303,444.4606561258861,340,890745.5493003401,8941.732904501265,2450.361634155498,3506.7507080536348,13924.559203242476,19891.61046904219,718.1555529671296,772
2014-03-23,85,1657414.1222778556,50237.144587397364,14083.961850422864,23467.33835723798,93393.63753798426,130736.35831730384,4147.530812300451,6425,1357989.7342582385,5719.275701646859,1585.165632368561,2510.750380821917,9986.917592063663,14065.781478646557,465.7065509869244,307,888293.5373969015,9411.64846515365,2579.753047079112,3697.0195301227964,14680.674907737992,20973.51172151834,756.1157044955162,540
2014-03-24,86,1647554.020016055,52342.31336851115,14683.471802318278,24552.163153262183,97718.28104345208,136783.8089597385,4324.643505467815,3969,1355661.8837767611,5991.771728592156,1660.8447368313246,2633.289911104225,10474.867315831892,14756.15035438581,487.9497237682299,263,885763.2295659622,9905.082908776532,2715.6897787322355,3897.319613767543,15476.67523848202,22112.202591897476,796.0003307440275,406
2014-03-25,87,1637377.5959487688,54519.23238442911,15304.320610812323,25682.921736641485,102226.39557141117,143083.7248492585,4508.1145279590855,2372,1353290.5291216827,6276.969453540013,1740.0667964741967,2761.6744186945084,10986.102474292917,15479.395780757863,511.2351584610242,820,883150.8014365452,10423.082126801368,2858.4708516802893,4108.156782345957,16314.573073952468,23310.517808673958,837.8978354704486,688
2014-03-26,88,1626875.7016324701,56768.78500638976,15946.869880686081,26861.22668321192,106924.45284081093,149644.6202951329,4698.057269399767,4621,1350873.6070654667,6575.432861432149,1822.9906771177593,2896.1771677290526,11521.712160708907,16237.048598281166,535.6096864159899,533,880452.2746381632,10966.723652761539,3008.4053176142156,4330.059783543943,17196.47271814401,24571.417301981313,881.8996441915424,567
2014-03-27,89,1616039.2543129735,59091.70113797945,16611.446220183592,28088.71562527814,111819.02863972753,156475.10571047227,4894.575798916601,2286,1348408.9660123715,6887.748137472653,1909.7816579263138,3037.0836174424962,12082.834118400237,17030.707347282365,561.12195769133,675,877663.5141642899,11537.115873106184,3165.8121695297486,4563.581006423293,18124.57278404675,25897.989748210875,928.1000659027413,414
2014-03-28,90,1604859.2795690864,61488.53605161504,17298.335700147254,29367.047998701215,116916.79024207425,163583.8662196475,5097.761602346713,5731,1345894.3624567252,7214.524319213385,2000.6116437260691,3184.691968560172,12670.656925947473,17862.04123300606,587.8228075472362,603,874780.2257793467,12135.39675681716,3331.0201772406017,4809.297303438146,19101.169504247897,27293.456576029483,976.5967202011452,1385
2014-03-29,91,1593326.9499942497,63959.652030613215,18007.778809038187,30697.901924789378,122224.48431747603,170979.6413828562,5307.694075401785,3845,1343327.4580250978,7556.3938198011965,2095.659329311859,3339.3136266185593,13286.4218507859,18732.792624971986,615.7649248384278,1003,871797.9544110355,12762.732508496587,3504.3676263871316,5067.810646674076,20128.65937931091,28761.175041663202,1027.4898750630127,1890
2014-03-30,92,1581433.6291341418,66505.19792044896,18739.964900363786,32082.970549831247,127748.92271783989,178671.20173827783,5524.438400363855,6299,1340705.8163180905,7914.012954784664,2195.1103730026275,3501.273703567297,13931.424856498264,19644.7797592008,645.003005712364,811,868712.082961021,13420.31579011659,3686.2019866540027,5339.748801184484,21209.541900281187,30304.641326770703,1080.8825209702773,963
2014-03-31,93,1569170.9218151483,69125.08604536195,19495.02601550027,33523.957745523396,133496.96576668145,186667.3215737378,5748.043048841559,8473,1338026.8994414697,8288.062492031537,2299.157587392243,3670.9115745434447,14607.01883141084,20599.89973642076,675.5939749125755,836,865517.831472909,14109.363464148919,3876.8795113259876,5625.766037100046,22346.4224330899,31927.493771604863,1136.8805328087146,1329
2014-04-01,94,1556530.7265324104,71818.96916147675,20273.030711501724,35022.5733806078,139475.503847592,194976.74956070815,5978.538080910541,6281,1335288.064721944,8679.2481206841,2408.001114521899,3848.5814166663613,15314.615746404708,21600.131415529013,707.5969149938683,853,862210.2573591567,14831.113864060724,4076.7647466121566,5926.543740499713,23542.014705027017,33633.5155166531,1195.5922719371156,1150
2014-04-02,95,1543505.290498809,74586.21711276534,21073.977247955565,36580.52824091157,145691.43760763868,203608.17700252717,6215.933760046697,4987,1332486.5613829482,9088.300908958738,2521.848576311735,4034.6527633200362,16055.688875177688,22647.53836098299,741.0731287729795,886,858784.2562106693,15586.82378343534,4286.229825480496,6242.791006767328,24799.14322540703,35426.63684588801,1257.1285203800144,937
2014-04-03,96,1530087.2689289122,77425.89233507466,21897.786660886293,38199.528343248894,152151.6557736349,212570.20296250045,6460.2181659962225,7307,1329619.5272117418,9515.977703843326,2640.915225894436,4229.511071881606,16831.775069529955,23744.271860405443,776.0861943522668,991,855234.5636361756,16377.764825310302,4505.653683822105,6575.2451702083135,26120.74546040068,37310.93714266082,1321.6022349936502,1048
2014-04-04,97,1516269.7874733403,80336.72473871039,22744.295698518476,39881.268761397856,158863.01104497863,221871.29683083133,6711.355271343724,8297,1326683.9852444571,9963.06147542088,2765.4240930344445,4433.558300293812,17644.477071123234,24892.573982221955,812.7020015932794,850,851555.758059041,17205.219198262166,4735.42117710226,6924.672271488378,27509.873767108966,39290.6464427893,1389.128306708284,1121
2014-04-05,98,1502046.5090673682,83317.0858733666,23613.249567156105,41627.42673642431,165832.29316438167,231519.7571465312,6969.28211940304,9591,1323676.8404918965,10430.361573194055,2895.606118993195,4647.213495435628,18495.465872140954,26094.780684351957,850.9888010177201,526,847742.2650046446,18070.474666678383,4975.922041766691,7291.8674251730035,28969.696940328216,41370.14634449185,1459.8231732192507,1282
2014-04-06,99,1487411.7025124433,86364.96370561222,24504.2941366223,43439.654418631806,173066.20052916819,241523.6680403701,7233.907364786515,7304,1320594.876691026,10918.713951809577,3031.7002550539287,4870.913389908262,19386.48311046144,27353.32493004752,891.0172383204845,570,843788.3622954531,18974.8191534006,5227.5495782582,7677.65512978177,30503.50153566935,43553.97035819625,1533.8045953411347,2023
2014-04-07,100,1472360.3145177434,89477.9370219512,25416.96822038312,45319.570964552215,180571.3092568842,251890.85254561098,7505.108727716026,7689,1317434.7531311181,11428.981297154749,3173.9535524378907,5105.1130056771735,20319.343494075805,28670.739831951516,932.8603836143666,1180,839688.1867805324,19919.534490938255,5490.699203787052,8082.889465033876,32114.69275398514,45846.80357346462,1611.1912183157874,1361
2014-04-08,101,1456888.0445312525,92653.1499850937,26350.6958469125,47268.75403516819,188354.03988408434,262628.8229184029,7782.73062720013,6921,1314193.0015703603,11962.053053143372,3322.6212349484035,5350.286263043299,21295.93724866352,30049.66180804842,976.5937545877132,691,835435.7426494443,20905.88935085875,5765.766828759139,8508.454169457062,33806.794859843794,48253.48156259517,1692.1021058586557,1693
2014-04-09,102,1440991.4225870615,95887.28704931066,27304.778713758587,49288.73056800956,196420.62119374535,273744.72752369166,8066.581309661007,4757,1310866.0232904188,12518.84530691246,3477.9667560765915,5606.926593527188,22318.23258333852,31492.83374496002,1022.295334675,896,831024.9118415948,21935.131065238875,6053.147058372049,8955.262552143444,35583.45095354837,50778.98829502619,1776.6560937045724,1614
2014-04-10,103,1424667.886764424,99176.5499265331,28278.388264692778,51380.967286887484,204777.05299063245,285245.2960188453,8356.431796887104,5949,1307450.0862890333,13100.30060997737,3640.2618019004485,5875.547548716135,23388.278141474297,33003.10808829765,1070.0455581357783,1119,826449.4657240108,23008.47705410256,6353.231037494331,9424.257298852692,37448.42232859978,53428.45317278802,1864.971375051413,2134
2014-04-11,104,1407915.8654099253,102516.63427918943,29270.55802758153,53546.86024212245,213429.0650515882,297136.7799794431,8652.012060955749,11647,1303941.3225347167,13707.387651984354,3809.7862754395237,6156.683430302834,24508.20553934016,34583.45002502817,1119.927397865864,1042,821703.0791818365,24127.104932589362,6666.404052764668,9916.410104713079,39405.58715635288,56207.1469756177,1957.1648277530985,2199
2014-04-12,105,1390734.8565069411,105902.7099737634,30280.176571351425,55787.72407993614,222382.07497418646,309424.892756357,8953.009922598256,14229,1300335.725649774,14341.10072465919,3986.8282419264397,6450.8898835063255,25680.23176128486,36236.94044607344,1172.0262219446995,1520,816779.3472024552,25292.141597623286,6993.042923962391,10432.721049290218,41458.93815760285,59120.47631913378,2053.3510012499755,2420
2014-04-13,106,1373125.509531945,109329.40186791778,31305.980496287622,58104.78068862785,231641.14356360174,322114.7462649766,9259.068589415285,11367,1296629.1486260737,15002.45908668137,4171.683844806826,6758.744510000686,26906.661635207194,37966.77898074978,1226.429873922334,1247,811671.8032180949,26504.65144255968,7333.5131296036025,10974.217844985475,43612.579782670306,62173.97722807497,2153.641625067452,2474
2014-04-14,107,1355089.7058783297,112790.77410974266,32346.54802125657,60499.1472985151,241210.92803362565,335210.78561770864,9569.784470023907,7089,1292817.3019181932,15692.506101984744,4364.657162138363,7080.847462232258,28189.890237386473,39776.286882655564,1283.2286021792788,774,806373.9405051862,27765.623300655407,7688.165552000561,11541.954798691051,45870.72426754599,65373.30691312702,2258.1444848756873,2341
2014-04-15,108,1336630.6377404975,116280.31741599416,33400.29319854257,62971.824160062315,251095.63351863113,348716.7222563381,9884.705485005485,9416,1288895.7518435048,16412.308178645104,4566.0600173253515,7417.8220251115035,29532.405250284057,41668.90981063012,1342.5150128975838,1936,800879.236172698,29075.956294866206,8057.332935828972,12137.011526749235,48237.68672366012,68724.23404387514,2366.9624561141245,2344
2014-04-16,109,1317752.8846449326,119790.94004081612,34465.460892194606,65523.68179323979,261298.96286318987,362635.46567818,10203.329344558733,8168,1284859.9193532874,17162.953475055903,4776.211732504621,7770.315181181793,30936.789258306013,43648.22047421714,1404.384008021956,1271,795181.1781197165,30436.444478387566,8441.326003468766,12760.49138077633,50717.87909457157,72232.62725114146,2480.192370911449,2398
2014-04-17,110,1298462.485553877,123314.96301950491,35540.12268627177,68155.44807819942,271824.0657504348,376969.0552591183,10525.102887244953,10099,1280705.0792303993,17945.550375893356,4995.4388260541755,8138.998147119338,32405.72193264251,45717.9210835155,1468.9326743364982,1823,789273.2946086063,31847.76050911059,8840.429291690354,13413.519593723082,53315.80301378543,75904.44196637378,2597.923919213863,1541
2014-04-18,111,1278767.0097065934,126844.11994313603,36622.17371430271,70867.69449091752,282673.48441951093,391718.58870098647,10849.418669076113,9063,1276426.359729393,18761.225624879276,5224.074625645122,8524.56690721692,33941.9822106182,47881.84570765921,1536.2602779756853,1901,783149.1884145451,33310.43738682272,9254.896435722598,14097.241000118815,56036.04099775778,79745.70461118271,2720.237983972351,2303
2014-04-19,112,1258675.616524142,130369.56247603962,37709.33107973695,73660.82307407098,293849.1022347419,406884.15566237003,11175.617815230973,18803,1272018.7428160652,19611.122261350945,5462.458823880544,8927.742676289892,35548.45019519031,50143.96222334302,1606.4679845721112,1938,776802.5722415978,34824.85015188993,9684.945376550466,14812.817521366309,58883.246706916085,83762.49553604853,2847.2057091583047,2742
2014-04-20,113,1238199.1127913978,133881.87153959856,38799.13322764494,76535.05261305449,305352.0890727335,422464.7683320729,11502.986837991572,9578,1267477.0649540974,20496.39713536802,5710.936944884114,9349.27235511787,37228.10903247823,52508.37414662487,1679.6588372879196,800,770227.3092482765,36391.19545942097,10130.753008118541,15561.425156164418,61862.13327105377,87960.92896054586,2978.8865641376833,3707
2014-04-21,114,1217349.9995050132,137371.07525826985,39888.94131328731,79490.40513341817,317182.8479179639,438458.2955218388,11830.758845230448,7978,1262796.018622285,21418.218089065336,5969.859708864325,9789.928925720182,38984.04655427345,54979.32206663875,1755.9375217952256,1703,763417.4566371589,38009.470405836495,10592.44949266168,16344.250565912465,64977.460019740596,92347.13057242738,3115.326748686828,4110
2014-04-22,115,1196142.5119157233,140826.67203943187,40975.94174264257,82526.69250032012,329340.96181627084,454861.3983818873,12158.11389830691,16301,1257970.1543778528,22377.760844172182,6239.5823280767145,10250.511809152542,40819.456775712075,57561.1848282493,1835.410221438622,1339,756367.3119563886,39679.45053305288,11070.112326947226,17162.487325337213,68234.01789691698,96927.21322003091,3256.557877176383,2200
2014-04-23,116,1174592.6448771139,144237.66410256232,42057.15118652159,85643.50337933016,341825.142162487,471669.47027072014,12484.180346216192,18542,1252993.8840531316,23376.20530008924,6520.46366098181,10731.84714123898,42737.64107485132,60258.48017218558,1918.1842991392477,2302,749071.4645359447,41400.666431574944,11563.759933554586,18017.331508076244,71636.61226011811,101707.24883503273,3402.594363201133,4183
2014-04-24,117,1152718.1693713642,147592.5961676275,43129.4231950893,88840.19061833691,354633.17859886325,488876.5802545155,12808.03643637622,14012,1247861.484606301,24414.73152298783,6812.865275087403,11234.787996513589,44742.00917067995,63075.86502993564,2004.3680958286277,2059,741524.8492031449,43172.3799730212,12073.345032645786,18909.976927534735,75190.04432182873,106693.23842512719,3553.432061710613,1962
2014-04-25,118,1130538.635464732,150879.60256857905,44189.457121478496,92115.85920824189,367761.8911173041,506475.4216918538,13128.71251844085,14604,1242567.1029972378,25494.515231882662,7117.150377817495,11760.214532548656,46836.07979155705,66018.13529668734,2094.0706208771007,1956,733722.8037575063,44993.55980049345,12598.747702414052,19841.60982552251,78899.09041673697,111891.07901657863,3709.046094908248,2074
2014-04-26,119,1108075.3598534947,154086.46321542558,45233.809543149786,95469.35507288357,381207.0853454774,524457.2673270529,13445.194228173292,19789,1237104.7622232006,26616.72273058234,7433.682602211371,12309.034040294668,49023.48097757252,69090.22499793515,2187.4011860154715,3373,725661.1300412331,46862.856349919726,13139.768188425867,20813.4029740553,82768.47895684437,117306.5274329626,3869.388540107393,3613
2014-04-27,120,1085351.3982748736,157200.6677057075,46258.9076160859,98899.25489014007,394963.51181680325,542811.9313349961,13756.42647132586,17444,1231468.3685113552,27782.505294346007,7762.824666631835,12882.18089532652,51307.949996282645,72297.20484305629,2284.4690187101223,3967,717336.1578162884,48778.576827105164,13696.11955746877,21826.509245156412,86802.86528819289,122945.16127499206,4034.38633134852,3774
2014-04-28,121,1062391.5029951215,160209.48677251136,47261.06494689054,102403.85694739789,409024.829238251,561527.7389200804,14061.317421447777,7819,1225651.7196930465,28992.993028019704,8104.936877639698,13480.6164077858,53693.33286302939,75644.28012392712,2385.382866746746,3555,708744.8111736254,50738.66039438286,14267.420197414533,22882.054652541265,91006.80446334701,128812.33712074724,4203.939175154126,4153
2014-04-29,122,1039222.0631489473,163100.05187085114,48236.500015099744,105981.17331540555,423383.5728647403,580591.504898394,14358.743626489246,15318,1219648.5149647463,30249.288104796928,8460.37546490963,14105.328550008257,56183.58338347886,79136.78784369503,2490.2505204494664,3925,699884.6774582226,52740.653797063555,14853.18625201197,23981.130803397275,95384.72168452028,134913.14572644862,4377.917221173266,4283
2014-04-30,123,1015871.0266408419,165859.44274355654,49181.35724608252,109628.92361559659,438031.12905856915,599988.5227220354,14647.556193828874,14865,1213452.366206901,31552.457326811837,8829.490730585414,14757.331542483238,58782.76164227732,82780.19296223375,2599.1782587984635,2055,690754.078231745,54781.68790806012,15452.8241008295,25124.786737724775,99940.88032580924,141252.36422268033,4556.158641288959,3444
2014-05-01,124,992367.8034718985,168474.7827288158,50091.73018927198,113344.53056853908,452957.7167693369,619702.5643267892,14926.587710767752,17216,1207056.8109985255,32903.523938491664,9212.625019221765,15437.665282856166,61495.031878095324,86580.08368921114,2712.270235818003,2433,681352.1417440868,56858.455620176544,16065.622981413206,26314.020155686027,104679.34753430879,147834.40540284544,4738.4672084995545,3120
2014-05-02,125,968743.1569278827,170933.3360176701,50963.686182920435,117125.1173183603,468152.3759668392,639715.8902252768,15194.659197502304,16313,1200455.3266963684,34303.45910320417,9610.110570571494,16147.394650295419,64324.659866943686,90542.16604056695,2829.6279888483623,3580,671678.8733830979,58967.19225779054,16690.748017019177,27549.768460637133,109603.95908733617,154663.2664800791,4924.611553027382,4530
2014-05-03,126,945029.0688271989,173222.61860946275,51793.29523628204,120967.50639486867,483602.96235341835,660009.2717280841,15450.586386579147,8348,1193641.3473738267,35753.171979355924,10022.266993062613,16887.608589473595,67276.0094516421,94672.25694000228,2951.349584698408,1384,661735.2324184655,61103.65621143468,17327.233088960682,28832.89850386073,114718.27913386586,161742.47124420642,5114.320046529683,4113
2014-05-04,127,921258.5928832024,175330.50423049487,52576.658830627675,124868.22214580247,499296.1557445652,680562.0303021835,15693.193391146837,6747,1186608.28186124,37253.49970382211,10449.39869258436,17659.418997810524,70353.53828719741,98976.27628805094,3077.5288355553203,3220,651523.1989565968,63263.11619400683,17973.975137316433,30164.196684198247,120025.5612884271,169075.01535081223,5307.282154561239,6940
2014-05-05,128,897465.6936371642,177245.33859052745,53309.941003193104,128823.49394633585,515217.47139512515,701352.0829229758,15921.315650559962,8264,1179349.533885948,38805.196313790584,10891.792030908058,18463.959456018827,73561.79298096438,103460.23799838871,3208.2546937669686,3329,641045.8451663109,65440.33879408415,18629.72829733229,31544.35814898669,125528.70618492128,176663.30698641832,5503.144896494181,7296
2014-05-06,129,873685.066709458,178956.05400859908,53989.401076840964,132829.2628099634,531351.2846449948,722356.0058512093,16133.813249869621,14811,1171858.5246071715,40408.92088234648,11349.71223197714,19302.38368182751,76905.40314317013,108130.23940932508,3343.6101622057467,2107,630307.4009089998,67629.58188751306,19293.09934029321,32973.97567515591,131230.21773152763,184509.107201834,5701.511546606358,2362
2014-05-07,130,849951.9474244576,180452.2837019151,54611.427131554294,136881.19028946277,547680.8645232748,743549.1104370842,16329.579878280056,19981,1164128.7172087098,42065.224917499225,11823.400077433851,20175.86375707317,80389.0745478223,112992.44936384822,3483.6714046521665,1905,619313.3151292515,69824.59266678746,19962.544061793415,34453.52827978549,137132.15827028253,192613.46981307652,5901.94053875489,5407
2014-05-08,131,826301.9056928683,181724.47531599223,55172.57040404896,140974.67014789683,564188.4181861915,764905.5335002353,16507.553662916645,13328,1156153.6441077504,43774.53883229399,12313.068326013308,21085.588066818764,84017.58116354592,118053.09458994398,3628.506615723629,2768,608070.3118975803,72018.61141990323,20636.3649178838,35983.369494036444,143236.10237328158,200976.68083266364,6103.944102999056,9195
2014-05-09,132,802770.6437528329,182763.99484596192,55669.577870195666,145104.84177803525,580855.1422802542,786398.3346165512,16666.724094062694,8405,1147926.9348294362,45537.15845972677,12818.898116097891,22032.759096897276,87795.75662066367,123318.44535388128,3778.1754571177444,4426,596586.4367448014,74204.38088827256,21312.710095301114,37563.71618712713,149543.09276866354,209598.20201796145,6306.990395381959,6103
2014-05-10,133,779393.755800671,183563.2413635541,56099.4294953858,149266.60824151986,597661.2922318972,807999.6206557025,16806.149951643078,16665,1139442.3505861978,47353.22873774582,13341.034586839516,23018.59060014474,91728.48321544536,128794.79722953777,3932.7265947816923,4163,584871.101636357,76374.16404043585,21989.573939954447,39194.63567316474,156053.5894497792,218476.6071903613,6510.496681115648,10250
2014-05-11,134,756206.52388405,184115.7321034335,56459.367996251945,153454.6544849401,614586.2525051172,829680.6640494543,16924.96027321997,22553,1130693.8158856698,49222.72941834561,13879.582955902242,24044.30486277676,95820.68128121101,134488.45378648097,4092.198065765653,5124,572935.1100531392,78519.76746127829,22664.799850459225,40876.035228783185,162767.42823500605,227609.53292487652,6713.838785226864,8684
2014-05-12,135,733243.6836820438,184416.19492072982,56746.93192937823,157663.46951813903,631608.6222378743,851412.0437602645,17022.3697327571,13070,1121675.456423903,51145.45817820432,14434.603885442295,25111.129363607113,100077.29618951124,140405.70558079344,4256.614908300224,6644,560790.6780893331,80632.57386879963,23336.084707480382,42607.650247437574,169683.77390200683,236993.6239407458,6916.345667000773,6838
2014-05-13,136,710539.2007606494,184460.64442404913,56959.98489455451,161887.37057915548,648706.3087755864,873163.7923127349,17097.686537712114,14734,1112381.6384188274,53121.01369624793,15006.108822705242,26220.29315126645,104503.28423375175,146552.80771268668,4425.988044240512,7317,548451.4397380141,82703.58327819563,24000.98518406712,44389.03347205449,176801.07750313022,246624.48564018725,7117.303601123393,6309
2014-05-14,137,688126.0510663291,184246.44536965268,57096.7429607687,166120.52939673106,665856.6294734103,894905.551464345,17150.32069782389,19155,1102807.0104255895,55148.778262196756,15594.055058492304,27373.02286821284,109103.59712140402,152935.95534915917,4600.312887652268,3199,535932.4389246163,84723.46199277548,24656.92720484042,46219.54469226155,184117.03545149183,256496.64202660264,7315.957948361611,9167
2014-05-15,138,666036.0079113161,183772.36341811463,57155.7988750472,170357.0003636149,683036.4210552822,916606.7341786269,17179.79158187192,11132,1092946.5476261175,57227.899898818614,16198.340637672889,28570.53839923494,113883.16498588238,159561.25723385322,4779.567864478362,5249,523250.1067589878,86682.6004893414,25301.217330927797,48098.341250026104,191628.5517220569,266603.4994726248,7511.516270565073,8735
2014-05-16,139,644299.4396158202,183038.59965961362,57136.14252573492,174590.75061191534,700222.1565111349,938236.6923489387,17185.7354558527,14555,1082795.598759026,59357.274102706186,16818.79910756759,29814.048092050605,118846.87771067253,166434.7069086572,4963.712724790152,3374,510422.22109380807,88571.18120786379,25931.056614433077,50024.36963096901,199331.7042481085,276937.31824280147,7703.152526051592,8516
2014-05-17,140,622945.1201726004,182046.8095527848,57037.17787288749,178815.69133272851,717390.066962145,959764.8872477837,17167.910451010102,7084,1072349.9351833877,61535.525481557415,17455.19410239294,31104.743597001554,123999.56474928155,173562.15187649892,5152.687038609016,10534,497467.8502581954,90379.25386352424,26543.557386998236,51996.3581512598,207221.71556242646,287489.1922976104,7890.011314317962,7309
2014-05-18,141,602000.0555466441,180800.10509517507,56858.73539841659,183025.71024138713,734516.2681194153,981161.0612824474,17126.201157270232,11810,1061605.8021266195,63760.989360145795,18107.21382974493,32443.79428739172,129345.97328862885,180949.26057932895,5346.408539347307,6341,484407.27908039,92096.81903806693,27135.762641513997,54012.811040117456,215292.92885496272,298249.038514007,8071.2132925362675,7041
2014-05-19,142,581489.3280625034,179303.03977731927,56601.07985752258,187214.704823818,751576.8899179469,1002395.4090519828,17060.621798531618,15193,1050559.9719341227,66031.69352298998,18774.465513109313,33832.3412523805,134890.74472267897,188601.48720346022,5544.771434050112,9126,471261.91670427896,93713.91968801215,27704.66768603455,56072.00415845251,223538.7903909491,309205.59619067446,8245.86153598639,8918
2014-05-20,143,561435.9610491324,177561.57625900363,56264.9133248486,191376.61593506148,768548.2076544882,1023438.7455933954,16971.31773654127,14692,1039209.7990162361,68345.34034816717,19456.469811777617,35271.49086827251,140638.38945756637,196524.0343604349,5747.644734887406,5028,458054.18676819303,95220.7391360936,28247.24426131732,58171.98249115796,231951.83883314746,320346.437714341,8413.048442198342,6654
2014-05-21,144,541860.8052888454,175583.03716723158,55851.37328135906,195505.46140461724,785406.7732834085,1044262.6698676082,16858.565628920333,33354,1027553.2761866621,70699.28958560794,20152.655253610996,36762.30795168292,146593.2600601616,204721.8136939184,5954.8706025952415,3859,444807.40070373897,96607.7040347793,28760.467280922992,60310.559534363405,240523.70194848737,331657.9911510788,8571.863115339918,5630
2014-05-22,145,522782.44880259136,173376.03961118864,55362.02540360248,199595.36928348438,802129.5454472855,1064839.7213539165,16722.77216387703,22587,1015589.0921085308,73090.54199191791,20862.352793563135,38305.80848618896,152759.5227153271,213199.40448170417,6166.262655165483,5615,431545.6141244312,97865.5917473641,29241.34332796423,62485.318873705735,249245.1018613736,343125.5753608371,8721.399912886234,6649
2014-05-23,146,504217.15046001156,170950.41456441348,54798.851529907115,203640.6103016256,818694.0165551492,1085143.5281022035,16564.471107863705,24266,1003316.6893890642,75515.72411333237,21584.79055242613,39902.951945520406,159141.12708079733,221961.01039933562,6381.604365470237,6496,418293.4681002856,98985.6402723873,29686.940598412246,64693.6180328356,258105.86917115658,354733.4477250901,8860.767309782968,8425
2014-05-24,147,486178.7976686294,168317.11248110505,54164.232925785254,207635.62918002752,835078.3355161508,1105148.944611221,16384.318961001583,17937,990736.3227966734,77971.07456868004,22319.088763353306,41554.63324323592,165741.77465524778,231010.41461857758,6600.647574450442,7044,405076.01762004243,99959.65819643643,30094.420553434444,66932.59458211825,267094.9659042686,366464.86471293616,8989.096733112034,15726
2014-05-25,148,468678.88975261303,165488.09560786316,53460.9284428772,211575.07445734413,851261.424809023,1124832.1774649967,16183.089292872231,15175,977849.1173108654,80452.43219193026,23064.255073117198,43261.67426461856,172564.88548213366,240350.93316410712,6823.110826885881,7504,391918.54721062415,100780.13367128877,30461.070394913208,69199.17489942563,276200.5188372513,378302.1563350009,9105.552932982682,13285
2014-05-26,149,451726.5441575972,162476.22131056595,52692.04893616018,215453.8262554251,867223.0896135545,1144170.897227793,15961.664804531494,18755,964657.1247983942,82955.2263057653,23819.18032568909,45024.81514559319,179613.56383715585,249985.36747205423,7048.678355022188,4285,378846.3794425599,101440.33936615866,30784.335214469924,71490.0852708105,285409.8619895694,390226.8118223968,9209.343152318092,10224
2014-05-27,150,435328.52535531344,159295.11557729557,51861.02760149142,219267.02224970347,882944.1200526968,1163144.3375803956,15721.030439142254,9548,951163.3796451081,85474.46951174425,24582.634735735843,46844.70517160202,186890.56239603757,259915.9554241797,7276.998558881722,5956,365884.67573305115,101934.43221221639,31061.85082474665,73801.86548665611,294709.58888804476,402219.5782976955,9299.726898475375,9371
2014-05-28,151,419489.29632969055,155959.0406257734,50971.58688441021,223010.08093402433,898406.3829788172,1181733.3778560786,15462.262926120427,24958,937371.9517598641,88004.7534564364,25353.264796755597,48721.89345552618,194398.2455054407,270144.3219867941,7507.683109403122,4857,353058.2344682876,102257.5448611005,31291.475156003595,76130.88496873186,304085.61476592853,414260.5705262675,9376.025877883774,9424
2014-05-29,152,404211.09018432535,152482.75797472912,50027.70253924921,226678.72228636872,913592.9037114801,1199920.610068347,15186.520732662873,17513,923287.9966403468,90540.24794531504,26129.590896221507,50656.81938771479,202138.55152715417,280671.4293892707,7740.306021713477,5970,340391.28875556425,102405.86712902147,31471.318379165456,78473.36127646528,313523.24810640654,426329.3911656526,9437.633340478002,10437
2014-05-30,153,389493.99909521703,148881.39094385557,49033.56578907804,230268.9853989283,928487.9360003305,1217690.3892061713,14895.032288850402,12662,908917.8011514059,93074.70373266927,26910.0058102136,52649.80303131501,210112.95493547525,291497.527871131,7974.403408321086,9202,327907.3093563548,102376.714685329,31599.770628390892,80825.38064893958,323007.27020694205,438405.25871863926,9484.022100535512,3337
2014-05-31,154,375336.07969110797,145170.285918718,47993.543805661146,233777.24335051124,943077.0213030161,1235028.8683889217,14589.08530268562,10477,894268.8249740001,95601.45945934753,27692.77407325419,54701.03537604252,218322.4278224825,302622.10655842663,8209.472887007258,13024,315628.81289106945,102168.5845152503,31675.52739062247,83182.920646313,332522.02300872473,450467.14356522274,9514.752801782684,10661
2014-06-01,155,361733.47537813045,141364.87323004127,46912.137859199334,237200.21517518008,957347.036828032,1251924.0175377782,14270.015525015886,22712,879349.7375058907,98113.45320061079,28476.032529287724,56810.5683382781,226767.40036128636,314043.8442085867,8444.97253880385,6907,303577.17503123765,101781.19591841211,31697.612002700593,85541.87531556949,342051.50685553765,462493.9136106327,9529.483846812916,10372
2014-06-02,156,348680.5431182058,137480.54175169178,45793.94369539704,240534.97366766937,971286.2272937965,1268365.6237610881,13939.190465764492,18158,864170.445240306,100603.23851801075,29257.79221493712,58978.305513353065,235447.72419788197,325760.5649768291,8680.323836595606,8302,291772.4705555314,101215.51047527643,31665.39234615659,87898.0803502633,351579.4783600023,474464.47426630993,9527.97150446463,8094
2014-06-03,157,336169.99547025695,133532.50965185452,44643.61070553022,243778.95110533346,984884.228665966,1284345.2804273756,13598.00137216947,15613,848742.1144870421,103063.0062103897,30035.941198835433,61203.9925201548,244362.63418588,337769.1930510945,8914.90998799802,5147,280233.3170104368,100473.73844442242,31578.595364224602,90247.34072828101,361089.55800462514,486357.9185164379,9510.079644622863,10502
2014-06-04,158,324193.04627849424,129535.7081129378,43465.802003334786,246929.94139404784,998132.0779333935,1299856.3595574328,13247.849267427577,12659,833077.1846420374,105484.61114613137,30808.249160865627,63487.20788254172,253510.71219026385,350065.71163333196,9148.07800438386,15077,268976.7425659094,99559.32499948188,31437.315682852965,92585.45872947323,370565.3393477572,498153.6731102533,9475.781343132083,8110
2014-06-05,159,312739.56058921485,125504.67337377998,42265.15598050664,249986.09935096302,1011022.2117227679,1314893.971634632,12890.133789374377,11227,817189.3725597847,107859.60467072285,31572.37346468379,65827.35428393536,262889.85231119307,362645.12520296534,9379.140120929223,8127,258018.07402013498,98476.91881607295,31242.019327100315,94908.2624442077,379990.5002503973,509831.64239548316,9425.160902640084,11488
2014-06-06,160,301798.2068381069,121453.44864825002,41046.250487508696,252945.936972522,1023548.4531483848,1329454.9132198272,12526.2414256169,7643,801093.6666120832,110179.27317486411,32325.86663052949,68223.65038371376,272497.22826460504,375501.4258976496,9607.375953411974,10521,247370.8479551435,97232.3222670316,30993.542428544493,97211.63433290893,389348.91441559367,521372.3475365885,9358.414165196358,17321
2014-06-07,161,291356.6083815369,117395.49782023537,39813.56879878061,255808.3170688508,1035705.9883706908,1343537.6033863581,12157.535222306033,16181,784806.3100109549,112434.68238312972,33066.18568815907,70675.12327343314,282329.263227152,388627.5648785795,9832.034962546953,11897,237046.74599265284,95832.4246385669,30693.084350269095,99491.5394715711,398624.76181504497,532757.0587487465,9275.847399451304,9529
2014-06-08,162,281401.4926673543,113343.63057935452,38571.468427631495,258572.44446347022,1047491.3336294366,1357142.0110051732,11785.345258745714,8963,768344.7729359021,114616.72731960825,33790.70324938644,73180.60170837115,292381.60267776035,402015.42919038906,10052.339450608357,5572,227055.55412173434,94285.12018201288,30342.19561868565,101744.05303926008,407802.63626595907,543967.9187487342,9177.874450914096,10874
2014-06-09,163,271918.83669581526,109309.9394581703,37324.15339015263,261237.85481736733,1058902.292973559,1370269.5737592496,11410.959344122326,18455,751727.7123930132,116716.18827688937,34496.72018677206,75738.71028981596,302649.09092181356,415655.8248663504,10267.48824405321,9436,217405.14711557407,92599.21167520723,29942.76096926658,103965.3866397719,416867.64856800006,554988.0557265739,9065.012302040996,11037
2014-06-10,164,262894.0068017381,105305.74912968065,36075.6494255095,263804.4015065583,1069937.9083517895,1382923.1104908742,11035.615378230577,5056,734974.9198077144,118723.7921396564,35181.48011166278,78347.86469070188,313125.751663967,429538.46693314606,10476.660742153414,12690,208101.49688496158,90784.30221272346,29496.977663786263,106151.91310551776,425805.5238200115,565801.6842567165,8937.875252011465,8654
2014-06-11,165,254311.89165640227,101341.57768350515,34829.78257413179,266272.2407534608,1080598.4028380387,1395106.7282583872,10660.494486249285,4845,718107.2560711723,120630.27868317645,35842.18567954393,81006.26805351822,323804.7731364873,443651.9769817563,10679.021472520311,8587,199148.70379783207,88850.6775207813,29007.329347451,108300.18945842545,434602.69164254825,576394.1928122635,8797.167822536721,6229
2014-06-12,166,246157.0279107431,97427.10899522722,33590.161494033026,268641.81523324916,1090885.117850204,1406825.7255642903,10286.715012165252,9921,701146.5740218129,122426.47156437962,36476.016387157855,83711.90869036719,334678.4982944149,457983.8886130217,10873.725157927605,6905,190549.04925985303,86809.18102809394,28476.556356770732,110406.9777345707,443246.3681529208,586752.2173402309,8643.676510372548,8468
2014-06-13,167,238413.71609407774,93571.17799504253,32360.163582049016,270913.83625985135,1100800.444754141,1418086.4923150567,9915.326903936919,11227,684115.6263986086,124103.35405377502,37080.14814402388,86462.55941832575,345738.42138046864,472520.66268181213,11059.92308605375,18578,182303.0712324091,84671.08318804984,27907.622341469098,112469.26305314092,451724.6272825638,596863.6977249228,8478.259129642975,5290
2014-06-14,168,231066.12929791896,89781.76262778013,31142.92361104007,273089.26556532923,1110347.7548248388,1428896.4102274294,9547.310070697917,7031,667037.9652556822,125652.14634138743,37651.773912180695,89255.7780981636,356975.1891876279,487247.7095272527,11236.767807159282,11007,174409.65044029092,82447.95194268042,27303.67961063817,114484.26953116739,460026.4637330167,606717.9224423674,8301.836450452916,7476
2014-06-15,169,224098.411173853,86065.98817560746,29941.326587806572,275169.2958756945,1119531.3244303202,1439263.751437166,9183.569605481345,9332,649937.826763248,127064.38654273607,38188.12590872467,92088.91008139201,368378.6097654711,502149.4221430624,11403.42057784315,20353,166866.116764868,80151.52122516991,26668.031670292567,116449.4730522523,468141.8437406972,616305.5550483975,8115.3800076805055,8831
2014-06-16,170,217494.7646356214,82430.1393711262,28758.003158593376,277155.33127403446,1128356.2593133352,1449197.5785189471,8824.934883014997,12265,632840.0060000707,128332.0126845277,38686.49864839829,94959.09232847973,379937.6676589478,517209.2184170403,11559.05789347674,10584,159668.36582639578,77793.56355477295,26004.095203150442,118362.61123452656,476061.7449542021,625618.646393521,7919.901213504898,8942
2014-06-17,171,211239.53097400253,78879.68007796456,27595.328240583636,279048.967317457,1136828.4178339962,1458707.6464232716,8472.158520661062,7558,615769.7216495571,129447.44499213653,39144.27286007728,97863.2593476166,391640.5462661866,532409.5932126284,11702.87860723876,7658,152810.98533838283,75385.76795885527,25315.361705928593,120221.69038703687,483778.18460211373,634650.6317443901,7716.43964791164,12728
2014-06-18,172,205317.25984675778,75419.27901486467,26455.42265297351,280851.9711707421,1144954.3342001068,1467804.3073974298,8125.916366110556,11028,598752.4725145489,130403.66685508967,39558.93990012762,100798.15097152196,403474.6573923442,547732.1800124983,11834.11112615763,13223,146287.38713817942,72939.62593340076,24605.35974384063,122024.98954125687,491284.23627384217,643396.3141778418,7506.051671728434,5462
2014-06-19,173,199712.7698767497,72052.84185280805,25340.156620680267,282566.26197390177,1152741.1425334641,1476498.4188322418,7786.80833335733,5189,581813.8863628746,131194.30409057534,39928.12629043881,103760.32202130326,415426.67819568666,563157.8219991159,11952.020803342457,12340,140089.94386520944,70466.32574515438,23877.618222885314,123771.06162401305,498574.03556331055,651851.8349627709,7289.799289468385,8939
2014-06-20,174,194411.2007092141,68783.54742074324,24251.15579300454,284193.89160102437,1160196.5023854307,1484801.2554494196,7455.359851966612,9211,564979.5635395945,131813.7003477895,40249.61812723185,106746.15385229244,427482.59551581746,578666.6523057043,12055.9173201308,14077,134210.1262808128,67976.65786911927,23135.6315163679,125458.73184853309,505642.77486137673,660014.6321264626,7068.7392980661825,6602
2014-06-21,175,189398.05682147297,65613.8876863585,23189.809083404023,285737.02596022136,1167328.5262889066,1492724.4258754104,7132.0239034758415,9717,548274.9167403994,132256.98775637182,40521.384967197424,109751.86776058172,439627.75750682503,594238.1829468287,12145.161991007568,16117,128638.63965085692,65480.93185476528,22382.82685864313,127087.09350167806,512486.68798290874,667883.3884824261,6843.9131215320085,6438
2014-06-22,176,184659.24361068313,62545.71040836205,22157.278096317834,287197.92700039194,1174145.7099947499,1500279.794183991,6817.183705843287,6049,531725.0092743901,132520.15132783022,40741.60277827926,112773.54016363856,451846.9322458333,609851.4016008474,12219.174739008246,15675,123365.55671541506,62988.905541809174,21622.53452891985,128655.50133796988,519103.0254379525,675457.9706622651,6616.337455043744,5601
2014-06-23,177,180181.09632804006,59580.26364424714,21154.5078592798,288578.93553283776,1180656.8658170288,1507479.4066604823,6511.155822278932,5813,515354.3938987825,132600.08583970828,40908.67557683995,115807.11946641942,464124.3729782087,625484.8754392175,12277.440732375428,22910,118380.4454267918,60509.7269614973,20857.961167884452,130163.56281307476,525490.0212455654,682739.3606263127,6386.995807612897,3053
2014-06-24,178,175950.40263677726,56718.24156440656,20182.238658888433,289882.454862267,1186871.0590708829,1514335.4235657123,6214.193253854057,9000,499186.9534301128,132494.64436014736,41021.255479473395,118848.44459451706,476443.8899308615,641116.8616445513,12319.516952652775,8730,113672.4906921527,58051.88859387053,20092.166351524942,131611.12735447244,531646.8520591346,689729.5807459201,6156.83081356925,5551
2014-06-25,179,171954.41911551473,53959.83052425167,19241.018622931297,291110.93544850877,1192797.548466682,1520860.0566300557,5926.489395799115,6331,483245.7467047239,132202.67680543024,41078.26060909955,121893.2649076039,488788.9275861547,656725.4226619094,12345.037655293243,8034,109230.60776935669,55623.19426487198,19328.042818026264,132998.27401046935,537573.5899178924,696431.6145094704,5926.737858757726,5503
2014-06-26,180,168180.8824931005,51304.7551621867,18331.2169145271,292266.86051325704,1198445.7301323297,1527065.5117300146,5648.181665647775,6748,467552.86072096403,131724.05794482227,41078.89064601624,124937.2614855356,501142.64738850907,672288.5459388496,12353.719802354346,18531,105043.54740017328,53230.737809798266,18568.30024544137,134325.29765951692,543271.1493363981,702849.3236464709,5697.559418505756,4870
2014-06-27,181,164618.0160671761,48752.322776405264,17453.036953307823,293352.73297546874,1203825.0867615787,1532963.938049308,5379.356629248941,8096,452129.2746525405,131059.70379540298,41022.63937841059,127976.06897351464,513488.0127203602,687784.2635237278,12345.36533185112,11489,101099.98957981808,50880.89293005262,17815.452876671337,135592.69446913595,548741.2313939534,708987.3653196406,5470.0820575553225,4670
2014-06-28,182,161254.53235253104,46301.46928546128,16606.530534154746,294371.0626498003,1208945.1377450086,1538567.3793754068,5120.050983429886,6708,436994.72662801016,130211.5769059137,40909.30512015496,131005.29956553222,525807.8822921045,703190.7801307394,12319.869571744348,10420,97388.63317137246,48579.31275789171,17071.809775001628,136801.14568475288,553986.2612995444,714851.1037284078,5245.029905590927,5712
2014-06-29,183,158079.63143413892,43950.79991118115,15791.610967461733,295324.35559840087,1213815.3976413014,1543887.7349242435,4870.259896292817,5574,422167.6036724568,129182.67809048071,40738.99646430532,134020.56597806205,538085.0997081783,718486.5917235749,12277.217416073778,13220,93898.26830947158,46330.93949011166,16339.469879993116,137951.50189638004,559009.3276919806,720446.528698656,5023.066392436274,5800
2014-06-30,184,155082.99676090427,41698.630573337694,15008.066588333093,296215.1037844587,1218445.3357938363,1548936.721976654,4629.938152534887,4610,407664.8389284327,127977.02673321987,40512.13561247013,137017.50576538345,550302.5883408505,733650.6083612937,12217.488632672234,11029,90617.84394077177,44140.02134851785,15620.319089366041,139044.76638906018,563814.1183476739,725780.1717730204,4804.790655693272,4479
2014-07-01,185,152254.7880851273,39543.026628911735,14255.573743690082,297045.7759567254,1222844.3407070744,1553725.8439888498,4399.00491323811,4184,393501.82589078177,126599.62845448164,40229.45809637887,139991.80547822683,562443.4456946304,748662.2727947012,12140.857353779837,11741,87536.52475189173,42010.13678639031,14916.030315475602,140082.07857329855,568404.8561234873,730859.0255719025,4590.737775813439,3883
2014-07-02,186,149585.63223026224,37481.83909791278,13533.709503852346,297818.809546421,1227021.6883368366,1558266.3633578683,4177.347629762255,6093,379692.34923241433,125056.4313348766,39892.00830431404,142939.2246278077,574491.0371043666,763501.6740282112,12047.591409736197,10094,84643.73897434605,39944.22421694708,14228.066695956695,141064.69750668688,572786.2351898756,735690.4666743434,4381.379066388239,4664
2014-07-03,187,147066.61207862038,35512.73882901378,12841.963688370495,298536.60348781146,1230986.5139551512,1562569.2780043117,3964.825618314557,4031,366248.5321539799,123354.27107752887,39501.13205898868,145855.61913688653,586429.0875225149,778149.6555259967,11938.050418148283,13046,81929.21797568127,37944.61637753,13557.68647161875,141993.98580549157,576963.3587237603,740282.1820050388,4177.123533884762,2432
2014-07-04,188,144689.25394274297,33633.24800176745,12179.750335228406,299201.5120258018,1234747.7878353796,1566645.3022110334,3761.2738802284002,2178,353180.8024376821,121500.8050805141,39058.46525830874,148736.964040378,598241.770476979,792587.915916674,11812.682954464108,10248,79383.02735119272,36013.07857104833,12905.950186941125,142871.39402554012,580941.6783649884,744642.0997656113,3978.3196412280668,2107
2014-07-05,189,142445.51395934104,31840.76931545024,11546.418592077696,299815.839313075,1238314.293996457,1570504.8507375563,3566.5061610774137,2431,340497.8748133268,119504.43834092085,38565.91920033507,151579.37520064216,609913.7932666045,806799.1016425991,11672.022789625567,12171,76995.59145833628,34150.84893052536,12273.729462721545,143698.44564760738,584726.935974927,748778.3248381348,3785.2576099386206,2807
2014-07-06,190,140327.76351134205,30132.612720439134,10941.262826212487,300381.83486654074,1241694.6122778498,1574158.0263490782,3380.3182813927997,2938,328206.75122857897,117374.24083051278,38025.66292782824,154379.12971759346,621430.477151775,820766.8903238685,11516.683885170496,14274,74757.7110883187,32358.680577592368,11661.716946858183,144476.72283642215,588325.1083528644,752699.0790928605,3598.172377937357,3333
2014-07-07,191,138328.77406548316,28506.019735572117,10363.532088762755,300901.6897675091,1244897.1032990497,1577614.6103334855,3202.4910211998504,2593,316312.737694343,115119.8584942778,37440.102689667154,157132.68484597656,632777.8317990167,834476.0640007181,11347.35464724165,16725,72660.57543166002,30636.8844189033,11070.437362965004,145207.853009934,591742.3550590158,756412.6467073007,3417.2467061514035,3835
2014-07-08,192,136441.70160164303,26958.185430002843,9812.438869212583,301377.5335666491,1247929.896154274,1580884.055754342,3032.7928552243393,2384,304819.4769235128,112751.41937286459,36811.858721161036,159836.69523179485,643942.6232411234,847912.5715260473,11164.79144210671,23160,70695.76892881468,28985.371928740147,10500.259341870908,145893.49629549132,594984.9696456,759927.324561481,3242.6145865841536,3462
2014-07-09,193,134660.0708019841,25486.278190170502,9287.167096203266,301811.4318438005,1250800.8786502476,1583975.4831537954,2870.982495973585,1125,293728.9958270566,110279.43615700022,36143.74007622714,162488.02824237544,654912.4344660572,861063.5797239721,10969.81122493383,8378,68855.27363671752,27403.697383497307,9951.407600931267,146535.33394201644,598059.334569169,763251.3776184359,3074.3649235690245,2041
2014-07-10,194,132977.7591854393,24087.45732413216,8786.87946289077,302205.3843581425,1253517.6898380094,1586897.6784699338,2716.8111877618358,2701,283041.76648918696,107714.70695857645,35438.71770594496,165083.7772674281,665675.718148952,873917.5128970818,10763.283682894777,10177,67131.46779356363,25891.09891407865,9423.975414790058,147135.0576898138,600971.8797941894,766392.9992461746,2912.5452250203816,5854
2014-07-11,195,131388.98131102553,22758.88864733855,8310.724069999278,302561.3237355106,1256087.7146334825,1589659.0929031402,2570.0247954730876,4687,272756.7789971377,105068.21597702419,34699.896180752905,167621.2728989739,676221.8411592172,886464.0806160839,10546.123010265175,7648,65517.12119164365,24446.537971277707,8917.937129810422,147694.36010676448,603729.0451260848,769360.276281479,2757.165331895463,3174
2014-07-12,196,129888.27315053088,21497.758174261533,7857.840384908143,302881.1146472941,1258518.0803510142,1592267.8445083273,2430.3657175316475,4478,262871.6246965005,102351.03540936687,33930.484716529834,170098.09187186087,686541.1203734702,898694.2938609406,10319.279214253067,11513,64005.38785257705,23068.73691183967,8433.16045992424,148214.92590319432,606337.246325106,772161.1586379826,2608.2011990211904,3373
2014-07-13,197,128470.47673779255,20301.284027459515,7427.364584917068,303166.5534223525,1260815.6549233678,1594731.7212958552,2297.574572353624,2259,253382.58803204662,99574.23019246096,33133.7678362774,172512.06374851006,696624.8497214402,910600.4697533972,10083.729347969987,6258,62589.796553523214,21756.214398870638,7969.418508239361,148698.4241873376,608802.8448565195,774803.4332208277,2465.598531413474,3671
2014-07-14,198,127130.72515008268,19166.726737165427,7018.434312202728,303419.368039682,1262987.0466058461,1597058.185613785,2171.3916824783664,2365,244284.74507422443,96748.76682139716,32313.07605442843,174861.2754027502,706465.3186697345,922176.2255260393,9840.468948294292,11664,61264.23966977595,20507.318511053196,7526.40138086877,149146.50161520642,611132.1211011113,777294.7017926561,2329.276244591805,3842
2014-07-15,199,125864.42793270132,18091.397866539362,6630.192791096005,303641.2185024724,1265038.6051686418,1599254.379767202,2051.5585627956316,2220,235572.0677766716,93885.42796587985,31471.757282046197,177144.07300367666,716055.8209700633,933416.4609480088,9590.502300328808,5460,60022.96053298974,19320.25716302494,7103.727164479173,149560.77652198778,613331.2513659982,779642.3629907155,2199.1302648868877,1188
2014-07-16,200,124667.2569059817,17072.667530334424,6261.792533615597,303833.69744398235,1266976.4239952043,1601327.1323671737,1937.8188265624922,2063,227237.5304908176,90994.73258373614,30613.14906807341,179359.06224639394,725390.6565713626,944317.3329750177,9334.835601299303,7307,58860.54010021455,18193.126452434703,6700.952418704453,149942.83371622613,615406.2874636453,781853.597094113,2075.0360976471566,1698
2014-07-17,201,123535.13250493215,16107.970393328396,5912.3984512576735,303998.33105613966,1268806.3434421334,1603282.9656751584,1829.9194469291251,1056,219273.21908914,88086.86408664953,29740.552114685852,181505.10614704722,734465.1240316919,954876.2197056396,9074.467460329295,7341,57771.88271037157,17123.936098250615,6317.581943332374,150294.22020187008,617363.1398866677,783935.3545956006,1956.8524230223848,3173
2014-07-18,202,122464.21059310294,15194.810647343527,5581.190560610425,304136.5802127028,1270533.954961814,1605128.103502093,1727.6115196805913,2229,211670.4399575611,85171.60583563408,28857.205556470166,183581.3210087307,743275.5057837712,965091.6770988681,8810.381752079236,9953,56752.20152280617,16110.632633687776,5953.077849354915,150616.44156551085,619207.5635634499,785894.3473283855,1844.4236767821712,1702
2014-07-19,203,121450.86982841865,14330.76590751942,5267.366250136235,304249.84178989637,1272164.6060004064,1606868.4796454033,1630.6510385924485,1166,204419.82756552676,82258.28531118759,27966.264132923436,185587.07052092976,751819.0461002303,974963.3883885042,8543.54031645914,7640,55797.00376686911,15151.120079325972,5606.8679082690205,150910.959063729,620945.146331101,787737.0422943374,1737.5827676510671,1419
2014-07-20,204,120491.69955476408,13513.490199559994,4970.142173547913,304339.4501414702,1273703.4055035582,1608509.7467181785,1538.799503151793,2759,197511.44948402562,79355.7267189582,27070.777528424445,187521.95821591734,760093.9226247411,984492.1075597046,8274.876524510793,10422,54902.075990625795,14243.278358652788,5278.353179997509,151179.18731856925,622581.2997702338,789469.6577460972,1636.153439132846,1527
2014-07-21,205,119583.48818093246,12740.716128753198,4688.755798465274,304406.6787116324,1275155.229964973,1610057.285317487,1451.8244614147115,2140,190934.90812905622,76472.21215548209,26173.671951713608,189385.81838943015,768099.2118847884,993679.5974834488,8005.289260047255,5180,54063.46939181531,13384.97958003096,4966.914954010403,151422.4925718161,624121.252210421,791098.1613168841,1539.9524401872186,1019
2014-07-22,206,118723.21213466866,12010.25630502442,4422.466634513687,304452.7417478666,1276524.7298719385,1611516.2133722042,1369.4999069655314,2015,184679.4375118175,73615.45155980039,25277.73424235719,191178.70573163344,775834.849732991,1002528.5641892777,7735.637848202605,6006,53277.485464446516,12574.102193341716,4671.920963079903,151642.19145703575,625570.0437497866,792628.2699602239,1448.7915393655421,1367
2014-07-23,207,117908.02528289505,11320.004127945589,4170.557183634047,304478.79610592243,1277816.336515962,1612891.3956729907,1291.6066440234426,811,178733.99508188848,70792.56094471972,24385.59842137976,192900.8837709835,783301.5871203165,1011042.5877015922,7466.737387325498,12590,52540.66192811548,11808.543293601191,4392.730953405644,151839.55022344147,626932.5230317228,794065.4514595732,1362.47928193619,1786
2014-07-24,208,117135.24913955739,10667.93401260187,3932.333621673006,304485.9430630186,1279034.2688487093,1614187.45319062,1217.932332747383,1459,173087.34528042265,68010.04887928811,23499.73503760395,194552.81275544985,790500.9436065586,1019226.0528211955,7199.356486242148,6585,51849.759464057046,11086.228885919647,4128.701483785745,152015.78436850922,628213.3456191055,795414.927179422,1280.8225873827469,780
2014-07-25,209,116402.36288817087,10052.101132287375,3707.1263169920917,304475.23030073027,1280182.5409916611,1615408.7730548426,1148.2721429518424,1462,167728.1425134963,65273.809618868,22622.44211643116,196135.135968392,797435.1547714993,1027084.0738257156,6934.211164940731,10139,51201.748021082756,10405.12325157291,3879.1904857394884,152172.0585906037,629416.9736022212,796681.6761315097,1203.6279831157299,698
2014-07-26,210,115706.99471213359,9470.640726633033,3494.290053276603,304447.65377003956,1281264.969312413,1616559.5176915312,1082.4283207517583,749,162645.00040134508,62589.124444607565,21755.83980348145,197648.6664158353,804107.1209533571,1034622.4245369245,6671.966181857744,8611,50593.79471741688,9763.235901613903,3643.56076752866,152309.48712378048,630547.6767135836,797870.4398832278,1130.7031113624107,1894
2014-07-27,211,115046.91316321644,8921.767065051621,3293.204141720252,304404.1596415147,1282285.1798303355,1617643.6342641108,1020.2105179226492,1075,157826.5579215848,59960.668462219546,20901.86654432565,199094.37271999483,810520.35287602,1041847.4660048248,6413.231922662933,9169,50023.25175613084,9158.627737294622,3421.183278706456,152429.13428056007,631609.5342473297,798985.7282401151,1061.8575337460497,1578
2014-07-28,212,114420.01899848154,8403.772087954834,3103.272408517003,304345.6462511008,1283246.6156131912,1618664.8639788977,961.4357828556094,1179,153261.53847000675,57392.52332601099,20062.277193846425,200473.36485515547,816678.9166024029,1048766.0752724556,6158.563726382912,6984,49487.64491404347,8589.415949336702,3211.439921221862,152532.01522758623,632606.437889864,800031.8256228433,996.9036425342783,1370
2014-07-29,213,113824.3375190311,7915.023822159895,2923.9229763621843,304272.9660316172,1284152.5441273153,1619626.751125959,905.9285141241271,738,148938.8016698673,54888.19471762519,19238.64380793443,201786.8798456863,822587.3782794254,1055385.5765605299,5908.461677022511,7376,48984.66267846159,8053.7777730486805,3013.725767080122,152619.09698368292,633542.0954223112,801012.7979490134,935.6575324472506,658
2014-07-30,214,113258.01129747214,7453.964580306144,2754.6079921248765,304186.9274199919,1285006.0644998362,1620532.6519553277,853.5203725208994,911,144847.38897329237,52450.633913258665,18432.35771047406,203036.2676363248,828250.7495031515,1061713.6745086063,5663.371223726077,5967,48512.145927106714,7549.953361744118,2827.450985819297,152691.29954621734,634420.0349273856,801932.4998602021,877.939505074406,581
2014-07-31,215,112719.2933487415,7019.1089673227325,2594.8032448152853,304088.29673577857,1285810.1146770897,1621385.7433127412,804.0501772535499,947,140976.5622437651,50082.26336412968,17644.633363472858,204222.9772078734,833674.4335805677,1067758.3903489392,5423.684077416197,4235,48068.07822233961,7076.247705840429,2652.042360108594,152749.49717091158,635243.6095996277,802794.5822972166,823.5746722420445,1164
2014-08-01,216,112206.54063703764,6609.041789896103,2444.007688192569,303977.8000303399,1286567.4784752142,1622189.0310442015,757.3637981244829,473,137315.8370244645,47785.004466499224,16876.513728130005,205348.54302629532,838864.1730430458,1073528.0011480688,5189.739462478086,5596,47650.5765971265,6631.03193306899,2486.944476024681,152794.51974399493,636016.0029206431,803602.5002098369,772.3933210154064,728
2014-08-02,217,111718.20796800213,6222.41584522051,2301.7429164295504,303856.12489162217,1287280.7924649823,1622945.3581447678,713.3139897680376,771,133855.009883066,45560.307755301044,16128.876703833492,206414.57198609665,843825.9990334591,1079030.982486653,4961.825990413316,4252,47257.88290171597,6212.7439222092835,2331.620642040952,152827.15423538748,636740.2341560455,804359.5204005331,724.2312354024034,941
2014-08-03,218,111252.84222468828,5857.949638354162,2167.552585489516,303723.9222044202,1287952.5526899663,1623657.4126431064,671.7602249840274,832,130584.18055971664,43409.18460265728,15402.442541820843,207422.73090825425,848566.1828064037,1084275.954775939,4740.183772944612,3728,46888.35566186739,5819.888374319447,2185.5535530078596,152848.14621024285,637419.1640857587,805068.7294071479,678.9299297132529,717
2014-08-04,219,110809.07692796341,5514.425056814502,2041.0017804876657,303581.8078641819,1288585.121210286,1624327.7352122932,632.5685203196481,554,127493.76937379819,41332.239785518424,14697.782183607762,208374.73463963764,853091.189526668,1089271.6333942013,4525.006720264326,5434,46540.46242576072,5451.036426441156,2048.2457130812845,152858.2013833269,638055.5009073641,805733.0413625158,636.336821605335,779
2014-08-05,220,110385.62711260217,5190.685013987042,1921.6763569954137,303430.3644380669,1289180.7324472796,1624958.7265037864,595.6112369936891,383,124574.53022417253,39329.70452686373,14015.3261604601,209272.3348405764,857407.634706056,1094026.7827078602,4316.445179387927,4007,46212.772588313135,5104.824865621299,1919.2196717847905,152857.98719567075,638651.8062324813,806355.2057844194,596.305325117195,399
2014-08-06,221,109981.28446989352,4885.631083594791,1809.182263657221,303270.14277725463,1289741.499343799,1625552.654230444,560.7668965193443,820,121817.56006412968,37401.46951271644,13355.373858031882,210117.30942228853,861522.2431365153,1098550.1736024683,4114.6084304592805,4456,45903.95061956418,4779.955047325975,1798.0181117199825,152848.13439936427,639210.5011204679,806937.8152642018,558.6948879866395,387
2014-08-07,222,109594.91288830411,4598.221129548625,1703.144829353308,303101.6635561931,1290269.419248271,1626111.6598660904,527.9199044720735,420,119214.30318128255,35547.11770323879,12718.103366410694,210911.45296707674,865441.8115990966,1102850.5463556817,3919.5684625813738,4588,45612.74989866016,4475.191387910993,1684.203705914657,152829.23865269855,639733.8721609572,807483.3129865399,523.3710404892918,403
2014-08-08,223,109225.44405997932,4327.466981268523,1603.20806840344,302925.4187854508,1290766.3796975794,1626637.7652356543,496.9604493083898,452,116756.5552570339,33765.95590024837,12103.580907173804,211656.56753362666,869173.1730676558,1106936.5749702447,3731.361468559131,5837,45338.00665879195,4189.359919835536,1577.3589985111946,152801.86207509603,640224.0774021135,807994.0000782044,490.2052411562763,505
2014-08-09,224,108871.87350167002,4072.4321115640946,1509.0339627439625,302741.8732441679,1291234.163895555,1627132.8786988563,467.78419797564857,259,114436.46232815646,32057.04581450688,11511.770699949415,212354.45451508183,872723.164960087,1110816.8370452952,3549.9918924312806,3131,45078.63455066851,3921.346424417381,1477.086064940847,152766.5348070282,640683.1523073196,808472.0427721209,459.0749052061001,350
2014-08-10,225,108533.2567444126,3832.2293698099434,1420.3017453937985,302551.4658665216,1291674.456016248,1627598.8011144607,440.29212069301866,598,112246.51843025228,30419.23357124393,10942.544657352515,213006.9071198763,876098.5997977277,1114499.7865097069,3375.4348376406124,3493,44833.61946616841,3670.0945360664728,1383.0061193843178,152723.75653341436,641113.0155742514,808919.4793453611,429.86326693184674,345
2014-08-11,226,108208.70576011033,3606.01876285919,1336.7071817637477,302354.611070541,1292088.8462879711,1628037.2315261639,414.3902717230376,296,110179.5610384414,28851.177790721198,10395.691951126048,213615.7036192052,879306.2388248451,1117993.7299556115,3207.6390271174023,4038,44602.014723111904,3434.603730233495,1294.7590359075405,152673.99797467107,641515.4748339412,809338.2268196268,402.45925968978554,430
2014-08-12,227,107897.38559766856,3393.0052811295636,1257.9618854402067,302151.700027902,1292478.8358521867,1628449.7725992652,389.9895642155316,359,108228.76485153101,27351.376253925006,9870.927852678364,214182.60136939172,882352.7686258513,1121306.8060227348,3046.529801006196,4362,44382.93656821247,3213.9272406907367,1212.0028677108744,152617.70232763412,641892.2321601253,809730.08742085,376.75732618407346,330
2014-08-13,228,107598.51121800765,3192.436790317242,1183.7926199105991,301943.10188260936,1292845.8414278864,1628837.9357983985,367.0055756997317,397,106387.63417873702,25918.190758672623,9367.902689744436,214709.33146505264,885244.7801798788,1124446.9679691521,2892.0115540275583,3071,44175.559973809206,3007.1699304190233,1134.4132653784611,152555.2866766056,642244.8894675365,810096.7547979,352.6573074111948,420
2014-08-14,229,107311.34451441582,3003.6019854805027,1113.9406232836743,301729.1649144348,1293191.1997651998,1629203.1463226224,345.35833731340244,298,104649.99425419155,24549.870272075423,8886.210179001862,215197.594086121,887988.750602487,1127421.9690032003,2743.970422608196,1720,43979.11471374852,2813.4861482967876,1061.682886599898,152487.1433520696,642574.9537115601,810439.8199825251,330.06424402364064,386
2014-08-15,230,107035.19151007434,2825.8284096057073,1048.1609480614406,301510.2176499643,1293516.1718991036,1629546.7478037763,324.9721339037642,240,103009.98163495043,23244.57234586304,8425.395331618829,215649.05447358487,890591.0273221586,1130239.3502555073,2602.2767196715577,2719,43792.88170137039,2632.0775792467234,993.5207789229038,152413.6412427561,642883.8419111378,810760.7770996676,308.8881995776901,635
2014-08-16,231,106769.39972100609,2658.4805399101506,986.2218177453321,301286.56992262707,1293821.9472083806,1629870.0067763322,305.7753092769999,409,101462.03392034303,22000.382778373198,7984.961881167688,216065.3394990271,893057.8145580284,1132906.4311723316,2466.787235869793,2228,43616.18957108274,2462.1911081250055,929.6517461984275,152335.12705851666,643172.8859848451,811061.0288261154,289.0440737073077,297
2014-08-17,232,106513.35568501173,2500.957950258553,927.9040044559197,301058.5138790272,1294109.647269467,1630174.116909871,287.7000610863324,208,100000.87902029623,20815.3334806523,7564.379183334506,216448.03480051627,895395.1619947065,1135430.3021484807,2337.34743667813,3428,43448.41150087644,2303.116718228206,869.8157089790839,152251.92653819767,643443.3373776068,811341.8915793666,270.45139276166447,398
2014-08-18,233,106266.48260008103,2352.693514722945,873.0002160175566,300826.3249526059,1294380.329585644,1630460.203093992,270.68231617705896,344,98621.52389299327,19687.41891405707,7163.088704315107,216798.68240226814,897608.9553306382,1137817.8191090792,2213.793335931725,2065,43288.96220013162,2154.185393924796,813.7670510073642,152164.3456257776,643696.3715669834,811604.6005408741,253.03418937663082,308
2014-08-19,234,106028.23825292576,2213.151798551082,821.3145440714823,300590.2627273928,1294634.9908956243,1630729.3250543948,254.66130998032168,80,97319.24388993483,18614.609902055745,6780.5095956618725,217118.77893266408,899704.9091641823,1140075.6001227153,2095.9538335440448,2374,43137.29528860907,2014.7672093102528,761.2740135035199,152072.67151895197,643933.092081617,811850.3141125353,236.72051463357639,192
2014-08-20,235,105798.11269961389,2081.827224550668,772.6618328909848,300350.57191436633,1294874.5709138112,1630982.48143346,239.58001818694174,377,96089.57011300184,17594.868429567123,6416.044796217488,217409.7739388764,901688.560220635,1142210.0229711768,1983.6510564527707,1842,42992.90038283619,1884.2691207698642,712.11798745341,151977.17385867637,644154.5350606546,812080.1189526768,221.44297903764527,168
2014-08-21,236,105575.62659220336,1958.2427169902892,726.8672046717288,300107.4830665912,1295099.9550703298,1631220.6127672733,225.38415651861578,132,94928.27926039536,16626.157385945655,6069.085169888613,217673.069126317,903565.2642190321,1144227.2253402,1876.7039983971044,1408,42855.30101720817,1762.1333040172626,666.0929580421937,151878.10560619226,644361.6726164263,812295.0336565911,207.13755577162374,224
2014-08-22,237,105360.3292293135,1841.9481067561185,683.7655049719301,299861.21341571445,1295311.9777160457,1631444.604968566,212.02264571585692,281,93831.38185260688,15706.451650049721,5739.014272146771,217910.01752648642,905340.1924296848,1146133.1052493623,1774.9282106526662,2803,42724.05223329727,1647.8351905468965,623.0048575415623,151775.7040677925,644555.4167635888,812496.0130591303,193.74414716253523,170
2014-08-23,238,105151.79685885481,1732.5187124647437,643.2008105726602,299611.9676083517,1295511.4249443242,1631655.2923892667,199.4472282784991,179,92795.11124396067,14833.746850614918,5425.212296524582,218121.92314627735,907018.3301171595,1147933.3230371324,1678.137687474722,1450,42598.73850213322,1540.8816972721818,582.6709829172994,151670.19179899924,644736.6228866078,812683.9520204446,181.20612301898655,174
2014-08-24,239,104949.63107016143,1629.5539836480914,605.0259468896056,299359.9384096125,1295699.0372871368,1631853.4607343124,187.61234281258658,165,91815.91276767082,14006.067024503454,5127.059536663527,218310.0409138203,908604.4761369276,1149633.3043148003,1586.1460197680863,1574,42478.971768390555,1440.8095261494132,544.9194058626434,151561.7774711263,644906.0930636195,812859.6890232215,169.4701770116808,158
2014-08-25,240,104753.45727333317,1532.676196298748,569.1020287711431,299105.30737336696,1295875.512283841,1632039.8498384522,176.47499670414254,125,90890.4331723737,13221.471248137235,4843.939515609446,218475.5768423078,910103.2433830806,1151238.2436597794,1498.7672461529728,1699,42364.38961626895,1347.1835169151088,509.58841244674437,151450.65669612255,645064.5792305281,813024.0095982808,158.48616690863855,153
2014-08-26,241,104562.92327862351,1441.5292162217609,535.2980246217934,298848.2454734991,1296041.5069006071,1632215.1562782193,165.9946167662274,125,90015.51038268706,12478.059133906498,4575.241702450346,218619.68844354394,911519.0602107676,1152753.1091241513,1415.8168276869692,1173,42254.65357086748,1259.5950764317918,476.52596634771226,151337.012803316,645212.786160969,813177.6495417871,148.20693044085056,111
2014-08-27,242,104377.69795613087,1355.7773208636759,503.4903366919524,298588.9137035363,1296197.6398288063,1632380.0358476022,156.13292819913477,150,89188.16358439665,11773.97545396152,4320.363860871024,218743.48532844754,912856.1725897819,1154182.6472961807,1337.1123790143756,1452,42149.447506605764,1177.6606779279243,445.5891846853191,151221.01757747636,645351.374298221,813321.2979585647,138.58813725202344,115
2014-08-28,243,104197.4699737026,1275.1040778831994,473.5624002152794,298327.46364489186,1296344.493663209,1632535.1059011568,146.85383440274745,107,88405.58366276603,11107.413941567826,4078.714067578121,218848.02997070726,914118.6468971468,1155531.3888366737,1262.4743073649006,1388,42048.476159645266,1101.020428436341,416.64383400877705,151102.8319576211,645480.9624367657,813455.6001361515,129.58813854469918,84
2014-08-29,244,104021.94661322588,1199.2112798309272,445.40430412234156,298064.03800325544,1296482.6169581942,1632680.9475650094,138.12329498515464,165,87665.12401977205,10476.620289744802,3849.7124315973347,218934.33861797056,915310.3732883151,1156803.6544451173,1191.7263911683112,1578,41951.46374455031,1029.3367034579433,389.56385317127604,150982.60669534226,645602.130248704,813581.1602503095,121.16781193832867,176
2014-08-30,245,103850.85265896215,1127.8179338757914,418.91243004538387,297798.7711153139,1296612.526170327,1632818.1078230017,129.90921213291585,118,86964.29178120027,9879.894452796978,3632.792531262901,219003.3823233507,916435.0695415079,1158003.5611395512,1124.6962531927275,1283,41858.152664927235,962.2928506313152,364.2308964793404,150860.48297573323,645715.4206668645,813698.5439102718,113.29041816049721,135
2014-08-31,246,103683.92934869217,1060.6593021401482,393.98910578206915,297531.7894293751,1296734.7075009854,1632947.1014913996,122.1813306582626,91,86300.73936204684,9315.592380772447,3427.4025805153997,219056.08807478152,917496.2852878007,1159135.0287516736,1061.2157462928444,1302,41768.30230482774,899.5919583487668,340.53389118521113,150736.59300565135,645821.3421427674,813808.2805606876,105.92147590289824,123
2014-09-01,247,103520.93338929083,997.4859912021183,370.5422782004783,297263.21195884014,1296849.6186349522,1633068.4130819826,114.91113396687433,201,85672.2564209151,8782.127189550229,3233.0063767163438,219093.34000475283,918497.4065592618,1160201.7866041267,1001.121271461132,697,41681.68790376926,840.9556861862535,318.36862101651093,150611.06056698711,645920.3707703877,813910.8657405422,99.02862762031145,51
2014-09-02,248,103361.63603156112,938.0630892307181,348.4852027764581,296993.1507104673,1296957.6903824406,1633182.498560105,108.07174748834223,174,85076.7621944889,8277.969847346225,3049.084042474794,219115.9806632063,919441.6605883008,1161207.3802982676,944.2540290389443,1295,41598.0995073261,786.1231569026907,297.63733002922436,150484.00153779815,646012.952286697,814006.7632071764,92.58151630929206,195
2014-09-03,249,103205.82220010694,882.1693487650726,327.73614823273124,296721.71108900633,1297059.3282305887,1633289.7870038017,101.63784814812243,116,84512.29819959866,7801.649445849377,2875.1325756283527,219124.81233933484,920332.1208027921,1162155.1785567324,890.4602144913515,874,41517.34098713288,734.8499081863171,278.24834453330664,150355.5243833957,646099.5039569923,814096.4069332405,86.55167029530276,114
2014-09-04,250,103053.28967473353,829.5964129888232,308.21811549720496,296448.99227951735,1297154.913809441,1633390.6821695147,95.58557885233313,97,83977.02129126967,7351.753112973317,2710.666224653438,219120.59841949877,921171.7119672577,1163048.3800753977,839.591164465528,718,41439.229125381804,686.9069016668767,260.1157125417771,150225.73061900583,646180.4163512181,814180.2029838471,80.91239422583021,92
2014-09-05,251,102903.84832290286,780.148084062793,289.85857306353455,296175.0876073406,1297244.8062722348,1633485.5639663027,89.89246279373765,114,83469.19708886977,6926.925594375033,2555.216724924326,219104.0647660161,921963.215411025,1163890.0203457281,791.5034437673166,642,41363.592763311586,642.0795868364767,243.15886583612627,150094.71524355002,646256.0550094654,814258.5312767348,75.63865824730601,111
2014-09-06,252,102757.31937502696,733.6396282551173,272.58920526552856,295900.0848791783,1297329.3436034033,1633574.789851773,84.53733116853982,83,82987.19372540797,6525.868578269895,2408.3334202285655,219075.9011058094,922709.2742998295,1164682.9784172305,746.0588888045168,636,41290.27200245044,600.1670139822471,227.3022979542165,149962.56714940738,646326.7620153318,814331.7472422859,70.70700586633757,88
2014-09-07,253,102613.53474805997,689.8971244764266,256.3456743078372,295624.06670265365,1297408.843843948,1633658.6961378742,79.50024054478854,73,82529.47595607089,6147.3398029701675,2269.5832434009403,219036.7624188326,923412.3989129724,1165429.9835258431,703.1246131429216,559,41219.11746428227,560.9810048361888,212.4752596159568,149829.36950491634,646392.8574647048,814400.183369235,66.09544937300961,66
2014-09-08,254,102472.33639756822,648.7568358163305,241.06739193870442,295347.11079339636,1297483.6062691635,1633737.5992460893,74.76242521544918,103,82094.59948387597,5790.151945849511,2138.550619495834,218987.2703426031,924074.9719861037,1166133.6217277362,662.5730731312651,345,41149.98958623614,524.3453543360356,198.61146727982094,149695.2001204341,646454.6408714447,814464.1506840271,61.78340673993807,44
2014-09-09,255,102333.57573035784,610.0646366019532,226.69731043641372,295069.29025449714,1297553.9124602836,1633811.7968485095,70.30619112006389,49,81681.2057834958,5453.171367478681,2014.8372738715013,218928.01452402922,924699.2538583738,1166796.3421913951,624.2818722701631,1140,41082.7579886199,490.0951052938383,185.6488371937729,149560.13177983623,646512.3924404208,814523.9400885599,57.75156897609122,66
2014-09-10,256,102197.11302953336,573.6754497844438,213.1817172811405,294790.67385056516,1297620.0273555575,1633881.5689865348,66.11489527393132,64,81288.01701224937,5135.316739054078,1898.0619828421627,218859.55398898738,925287.387689681,1167420.463520704,588.1338313071756,486,41017.30085787533,458.075838042307,173.52922410493852,149424.23256467693,646566.3743123969,814579.8236671311,53.98187197605148,87
2014-09-11,257,102062.8169260977,539.4527268187427,200.47004499743295,294511.32626051846,1297682.200219734,1633947.179102049,62.17286417656578,60,80913.83130556243,4835.55755121814,1787.8602516487738,218782.4184724744,925841.4045316941,1168008.1798210721,554.0168420131085,613,40953.50438464899,428.14301633883804,162.198180200578,149287.5661515535,646616.8317060602,814632.0558840394,50.45739366335329,58
2014-09-12,258,101930.56389956527,507.2679541105275,188.51469061487356,294231.30831707007,1297740.6655625652,1634008.8750139403,58.465342831099406,34,80557.51831479771,4552.912549552878,1683.8839467621099,218697.10972358144,926363.2283053476,1168561.5666021022,521.8237736534793,427,40891.262236091854,400.1613688620423,151.60472676760295,149150.1920926252,646663.9939953884,814680.8747124462,47.162289328174666,60
2014-09-13,259,101800.23780644377,477.0001851174268,177.27084429574347,293950.6772334191,1297795.6440082444,1634066.8898420045,54.97844567918219,114,80218.01497792506,4286.448104252783,1585.8008842390175,218604.10278535093,926854.6806849497,1169082.586518662,491.452379602124,609,40830.4750610498,374.00430516645594,141.70113814634658,149012.16607987846,646708.0757246221,814726.502696935,44.081729233730584,69
2014-09-14,260,101671.72945639097,448.53561811283015,166.69633459830843,293669.48680749844,1297847.3430787877,1634121.4428390663,51.6990705432836,68,79894.32170996383,4035.2766145882642,1493.2944088125782,218503.84718375705,927317.4856373589,1169573.0946681588,462.8049524091184,186,40771.05004819403,349.5533906278538,132.44274727385334,148873.54018214365,646749.2775186081,814769.1479058495,41.201793986023404,18
2014-09-15,261,101544.9361527076,421.7671370638613,156.75146005779897,293387.7876438209,1297895.9580449185,1634172.740294457,48.614966130815446,33,79585.49825896656,3798.554662157916,1406.0628861879165,218396.76825392316,927753.274486858,1170034.8444632692,435.788849499193,410,40712.90044977971,326.69777767434203,123.78773468753637,148734.36310142238,646787.787067335,814809.0049605579,38.509548726840876,49
2014-09-16,262,101419.76135777982,396.59397556935363,147.39886562763286,293105.6273155566,1297941.6725477362,1634220.976193597,45.71450281771831,43,79290.66066834384,3575.4815089143704,1323.8192570010087,218283.26815760956,928163.5898033797,1170469.4920840596,410.31531652167905,273,40655.94523887048,305.3337926741596,115.69697464155705,148594.6803585553,646823.7798391004,814846.2557799772,35.992771765450016,19
2014-09-17,263,101296.11428862726,372.9213102300881,138.60339351557587,292823.0505605005,1297984.6593503745,1634266.3330157173,42.98680263827555,53,79008.97762859188,3365.2972724085553,1246.2905200911116,218163.7271056125,928549.8900734062,1170878.6018453874,386.3002700264333,298,40600.108694837836,285.36443572708953,108.1338494846817,148454.5345177791,646857.4199430508,814881.0704815256,33.64010395039804,40
2014-09-18,264,101173.90958662033,350.6599271629664,130.3319603788251,292540.09944159794,1298025.0809537123,1634308.9823867157,40.4216033378616,31,78739.66746871996,3167.281291897713,1173.2172279530132,218038.50440817425,928913.5537160484,1171263.6507515635,363.66364264220465,454,40545.32006885238,266.69897399974934,101.06409782886668,148313.96536897233,646888.8608292319,814913.6081111751,31.440886181080714,64
2014-09-19,265,101053.06698974862,329.7258903114024,122.55343535632491,292256.813506411,1298063.090208064,1634349.0857277375,38.00925435172394,16,78481.9951794779,2980.7504519325284,1104.3529744287962,217907.93952916568,929255.8831140074,1171626.0330620285,342.3293979590526,331,40491.51325329302,249.2525383238143,94.45566417516417,148173.0101081383,646918.2459818715,814944.0173664349,29.38515263958834,30
2014-09-20,266,100933.51102810931,310.04023241083377,115.23852628121357,291973.2299355537,1298098.8308825353,1634386.7948586405,35.740674471249804,43,78235.2696401453,2805.057544445322,1039.4638833344547,217772.35309067683,929578.1084559748,1171967.0646204003,322.22534196742345,246,40438.62647683333,232.94574939967114,88.27855935904171,148031.7035043976,646945.7095608575,814972.4372648915,27.463578986003995,26
2014-09-21,267,100815.17073832986,291.5286644683696,108.35967262622503,291689.38368211023,1298132.4381998118,1634422.2525646396,33.60731727653183,58,77998.84101452102,2639.589669642851,978.328097747006,217632.04783502282,929881.391416982,1172287.9869800538,303.28296100720763,263,40386.60202032624,217.70436812502052,82.50472978701394,147890.07805601874,646971.3770011174,814998.9977685092,25.66744025994558,21
2014-09-22,268,100697.97939338752,274.1213002555706,101.89094398122873,291405.3076037193,1298164.039342819,1634455.593133035,31.601143007166684,51,77772.09828580935,2483.7666651396808,920.7352760765489,217487.3095512557,930166.828703598,1172589.9713662257,285.4372866159538,375,40335.38594969839,203.4589655938433,77.1079340187357,147748.1641374636,646995.3655774901,815023.8203718048,23.98857637261972,17
2014-09-23,269,100581.87424917429,257.7523973104671,95.80794452677075,291121.0325866459,1298193.753930654,1634486.9428572473,29.71458783489652,20,77554.46694132572,2337.039578900254,866.4860936800438,217338.40796102898,930435.4554442759,1172874.1224485885,268.6267406778643,299,40284.92786708634,190.14461453214787,72.06362720343085,147605.99013673278,647017.7849323422,815047.0186509447,22.419354852172546,18
2014-09-24,270,100466.79630655017,242.36011326281522,90.08772312570923,290836.5876624208,1298221.6944660086,1634516.4205105398,27.940535354660824,14,77345.40679734053,2198.8891887828872,815.3917553194865,217185.5975641395,930688.2484259101,1173141.4819309353,252.79298163426574,177,40235.18067868061,177.70060048752228,67.34885284441029,147463.58258377362,647038.7375688617,815068.6987769302,20.95263651944697,18
2014-09-25,271,100352.69008585233,227.88627446278562,84.70868791564396,290552.00011850713,1298247.966759688,1634544.137795398,26.27229367941618,16,77144.4099362805,2068.8245569298165,767.2735143131883,217029.1184526607,930926.12921067,1173393.0319967347,237.88078475988004,216,40186.10037616173,166.07014907645774,62.94214049893281,147320.96627162665,647058.319316457,815088.9599995814,19.58174759533722,20
2014-09-26,272,100239.50342554538,214.27616901358456,79.65052987812552,290267.29559722776,1298272.670310102,1634570.1997451603,24.703550413949415,26,76950.99886400142,1946.3817042287449,721.9622281324675,216869.19704822236,931149.9669589916,1173629.6984209674,223.83774832158815,243,40137.645842742764,155.20018325345964,58.823414678822274,147178.16436413708,647076.6197445525,815107.895077712,18.300428095506504,9
2014-09-27,273,100127.18726317114,201.47832124457267,74.89413953714111,289982.498203496,1298295.898716523,1634594.705161316,23.2284064211417,6,76764.72450527505,1831.1221344395,679.2978612328229,216706.04691375582,931360.5815380592,1173852.3539888412,210.6145790675655,120,40089.77864334228,145.04106004874106,54.973896006734705,147035.1985126757,647093.7226109974,815125.5907451652,17.102866444853134,12
2014-09-28,274,100015.6954742268,189.4443254666596,70.42154547210336,289697.6305841729,1298317.7399835153,1634617.7469355154,21.841266992269084,17,76585.16472414232,1722.6317095404643,639.1290978679066,216539.86936400158,931558.7458601745,1174061.8210543462,198.16432211536448,276,40042.462871899814,135.54637834110932,51.37602889496598,146892.0889412883,647109.7061891931,815142.1280505889,15.983578195679002,13
2014-09-29,275,99904.98468076758,178.12864834053383,66.21584129444139,289412.7140223631,1298338.2768826622,1634639.4124322368,20.53689914685674,12,76411.92257393627,1620.5193070758114,601.3128863805744,216370.8541896597,931745.1886563522,1174258.8745785577,186.44279617769644,213,39995.66497001774,126.67275027597695,48.013395674440666,146748.8545478814,647124.6436568275,815157.5827612685,14.937467634445056,4
2014-09-30,276,99795.01409330433,167.4884652960375,62.2611251388985,289127.7685154133,1298357.5872517815,1634659.7838052073,19.31036911928095,16,76244.62484628757,1524.4156742164282,565.7140431729821,216199.1802681983,931920.5968162686,1174444.2446813395,175.40815991640557,107,39949.35357879284,118.37961392463613,44.87064608841928,146605.51298708242,647138.6034142132,815172.0256936442,13.959757385659032,21
2014-10-01,277,99685.74535441307,157.48349856829998,58.542439731638176,288842.81285211287,1298375.7442910825,1634678.9383105543,18.15703930100426,21,76082.9206374811,1433.9722806443147,532.204854277664,216025.0161718511,932085.6177175774,1174618.6191772488,165.02090130874421,122,39903.49939284752,110.6290484550531,41.93342770222212,146462.0807519515,647151.6493982123,815185.5230391866,13.045983999152668,18
2014-10-02,278,99577.14239385654,148.07586692422896,55.045716797587616,288557.86468427425,1298392.8168377636,1634696.9485971332,17.072546681156382,22,75926.48002035811,1348.860233362978,500.66469920030687,215848.52073689143,932240.8614070818,1174782.6459470915,155.24368950445205,109,39858.07502606482,103.38560371949733,39.188321757304124,146318.5732492512,647163.841371419,815198.1366645431,12.191973206703551,7
2014-10-03,279,99469.17129107611,139.22994290914275,51.75772420626415,288272.94059471507,1298408.8696268091,1634713.8829822126,16.052789045497775,24,75774.99278286482,1268.7692334056453,470.9796848444246,215669.84360869706,932386.9026893233,1174936.9352029334,146.04128224146552,144,39813.05488485153,96.61613918387535,36.62278246378205,146175.0048705721,647175.2351954172,815209.9243950673,11.393823998165317,13
2014-10-04,280,99361.80014767555,130.91222027153577,48.66601688507209,287988.05616035615,1298423.9635330457,1634729.8057073145,15.093906236579642,9,75628.16725834168,1193.4065890542795,443.0422991771793,215489.12575253073,932524.2830839829,1175082.061607579,137.38039465958718,159,39768.41505153424,90.2896754012931,34.22508102355001,146031.38905786455,647185.8830825534,815220.9402760095,10.6478871362051,11
2014-10-05,281,99254.99896648808,123.0911881179386,45.75889021530502,287703.22601209424,1298438.1558008355,1634744.7771809653,14.192267789738253,12,75485.72921654153,1122.4962688594005,416.7510778444535,215306.49994116192,932653.5126946437,1175218.5662953493,129.2296106608119,187,39724.133174354894,84.37725370075509,31.98425273284514,145887.73836531883,647195.8338336804,815231.2348191135,9.950751126976684,14
2014-10-06,282,99148.73953719044,115.73721177986435,43.025335908405935,287418.4638914641,1298451.5002614446,1634758.8542084016,13.34446060913615,15,75347.42081468436,1055.777995826138,392.01028436831336,215122.0912190625,932775.0719878818,1175346.9587934713,121.55929323809687,86,39680.18836398561,78.85180402733275,29.89004714477101,145744.06451762674,647205.1330619974,815240.8552347628,9.299228316987865,7
2014-10-07,283,99042.99532975162,108.82242172522912,40.45500084158537,287133.7827034551,1298464.0475356702,1634772.0902056582,12.547274225624278,2,75212.99961938449,993.0063911217452,368.72960524670964,214936.01733899178,932889.4134666786,1175467.718825248,114.34147879679222,131,39636.56109786431,73.68802258215037,27.93288188425762,145600.3784639018,647213.8234002155,815249.8456467676,8.690338218118995,13
2014-10-08,284,98937.74139421087,102.32060897710441,38.03814828980026,286849.19456621935,1298475.8452245344,1634784.5354010307,11.797688864171505,11,75082.23768699635,933.9501593177513,346.8238591337478,214748.38917530858,932996.9632547204,1175581.2980150464,107.54978804185521,50,39593.233130777895,68.86225730158444,26.1037994080818,145456.6904281233,647221.9446943671,815258.2472932761,8.12129415164236,11
2014-10-09,285,98832.95426611061,96.2071263444611,35.76562132099909,286564.71085799806,1298486.9380893067,1634796.2370252535,11.092864772304893,12,74954.92069667239,878.3913111223795,326.21272106624724,214559.31111580433,933098.1225984293,1175688.1215046865,101.15934370888863,106,39550.18741096179,64.3524002514043,24.394426411533775,145313.00995650352,647229.5341857942,815266.0987154392,7.589491427061148,10
2014-10-10,286,98728.61187772603,90.45879563988996,33.62880840409398,286280.34226119204,1298497.3682205766,1634807.2394900974,10.4301312698517,13,74830.84713595017,826.1244267336898,306.8204587233186,214368.88143207025,933193.2692867889,1175788.5894783207,95.14668835955672,110,39507.4080018546,60.13778717861834,22.79693589439456,145169.34596169752,647236.626681006,815273.4359334524,7.092495211865753,14
2014-10-11,287,98624.69347455935,85.053820337742,31.61961104116871,285996.09880383336,1298507.175197367,1634817.5845564257,9.80697679053992,3,74709.82753412345,776.9559568860731,288.57568006846645,214177.19263009727,933282.7589954599,1175883.0786033273,89.48970867099706,53,39464.88000894683,56.19910352420426,21.304011629192406,145025.70676416377,647243.2547105941,815280.2926112172,6.628029588027857,4
2014-10-12,288,98521.17953680553,79.97170338834583,29.73041324627422,285711.9898986139,1298516.3962368453,1634827.3114922952,9.22103947820142,14,74591.68374226936,730.7035588390246,271.4110958916805,213984.3317811823,933366.9265554597,1175971.9433910341,84.16755999985617,21,39422.58951141306,52.51829646298186,19.908814951078632,144882.1001308457,647249.4486778495,815286.7002103486,6.193967255414464,6
2014-10-13,289,98418.0517055983,75.19316996002658,27.95405292040881,285428.02437954623,1298525.0663349773,1634836.4572215078,8.670098131988198,10,74476.24825652942,687.1954675989707,255.26329292489862,213790.38083465872,933446.0871521949,1176055.5174803233,79.1605967351934,128,39380.523498316885,49.078492759550535,18.604953710035744,144738.5333112911,647255.2369975407,815292.6881339533,5.788319691200741,6
2014-10-14,290,98315.29271355225,70.70009465270996,26.283794847092466,285144.2105365033,1298533.218399039,1634845.0564635335,8.15206406172365,6,74363.36358092474,646.269899530178,240.07251838601525,213595.41691361682,933520.5374593254,1176134.1148505472,74.45030713046435,117,39338.66980889087,45.86392181104364,17.38645317948087,144595.01307148224,647260.6462258947,815298.2838612789,5.409228353993967,8
2014-10-15,291,98212.8863197412,66.4754333201137,24.713305391099393,284860.55614756525,1298540.88337171,1634853.1418645398,7.664972671074793,18,74252.88163094617,607.7744897786158,225.7824765348074,213399.51259295043,933590.5567049077,1176208.030961148,70.01924558228347,37,39297.01707698349,42.859843996824466,16.24772896924321,144451.54572532384,647265.7011815778,815303.5130730338,5.05495568306651,5
2014-10-16,292,98110.81724809781,62.50315844094149,23.236628523906216,284577.06850967323,1298548.0903486756,1634860.744121565,7.206976965535432,6,74144.66316850061,571.5657556952037,212.34013421767077,213202.736163864,933656.4076856517,1176277.5438349051,65.85098074399866,55,39255.554678751374,40.05248316441589,15.183561495825105,144308.1371643061,647270.4250596692,815308.3997694325,4.723878091434017,4
2014-10-17,293,98009.07112983815,58.76819868513591,21.84816339374339,284293.7544672897,1298554.8666885842,1634867.892098603,6.776339908596128,6,74038.57727381666,537.5085920598799,199.695537671459,213005.1518820489,933718.3377185918,1176342.9150735978,61.93003294011578,63,39214.2726840769,37.42896387844929,14.189072250480463,144164.79288506933,647274.8395375682,815312.9663798804,4.414477898972109,1
2014-10-18,294,97907.63444900914,55.256381729184135,20.54264310276583,284010.6204395131,1298561.2381170662,1634874.612936422,6.371428482001647,1,73934.50084600602,505.4757907919082,187.80163794468083,212806.82020325676,933776.5795444554,1176404.3908214376,58.24182586360257,66,39173.161810905614,34.97725240186346,13.25970147499358,144021.518015323,647278.9648745817,815317.2338661039,4.1253370135091245,7
2014-10-19,295,97806.49449245936,51.954381693940725,19.3151151976579,283727.67244499543,1298567.2288223347,1634880.9321534846,5.990705268457532,13,73832.31814420143,475.3475972299978,176.61412937563748,212607.7980004624,933831.3521604588,1176462.2026526537,54.772616003407165,48,39132.213383549526,32.686102770542384,12.391187760940207,143878.31733752385,647282.8200029008,815321.2218163569,3.8551283191191033,5
2014-10-20,296,97705.63930051897,48.84966730523675,18.160922426642806,283444.91612651397,1298572.8615494552,1634886.873745459,5.632727120537311,3,73731.92033532399,447.0112704111565,166.09128942839578,212408.13877858224,933882.861643744,1176516.5684486476,51.50948328524828,61,39091.4192918162,30.545003904017737,11.579548039534226,143735.1953120941,647286.4226168109,815324.9485377916,3.602613910101354,1
2014-10-21,297,97605.05762222475,45.93045481415368,17.075685260198398,283162.3567732843,1298578.1576859462,1634892.460275578,5.296136491000652,7,73633.20508329834,420.3606817888438,156.1938321191529,212207.89287011462,933931.3019016804,1176567.6931966033,48.440257936366834,35,39050.77195417747,28.544131920085526,10.82105953509185,143592.1560983526,647289.7892531144,815328.4311397246,3.3666363034863025,4
2014-10-22,298,97504.73887404495,43.185664577993656,16.055285771206044,282879.9993415342,1298583.137340713,1634897.7129579545,4.979654766852036,4,73536.07617062969,395.2959435008619,146.88477221941082,212007.1076159461,933976.8553652872,1176615.7697272263,45.553463606745936,28,39010.264284008175,26.674306397516887,10.112243212397175,143449.20357370883,647292.9353648789,815331.6856099875,3.1461117644794285,3
2014-10-23,299,97404.67309898374,40.604878028578206,15.09585165782413,282597.84847489186,1298587.8194222697,1634902.65174014,4.682081556646153,8,73440.4431234175,371.72303868978497,138.1292902494982,211805.82754487623,934019.6936777546,1176660.9794470945,42.83831246744376,45,38969.889656309766,24.926947250709432,9.449847456056718,143306.34135258564,647295.8753941441,815334.7268901975,2.9400292652426288,1
2014-10-24,300,97304.85092944445,38.17829858290426,14.193741726350229,282315.9085229045,1298592.2217097827,1634907.2953781115,4.402287513017654,3,73346.22087074035,349.5534843263337,129.89460880404883,211604.09453718195,934059.9783217713,1176703.4930052534,40.28464401664678,53,38929.64187771752,23.29403584262725,8.830833347196192,143163.57280348105,647298.6228374768,815337.5689436181,2.747443332686089,3
2014-10-25,301,97205.26355199961,35.89671454652819,13.345532117059719,282034.18355861015,1298596.36092049,1634911.6615074193,4.139210707275197,2,73253.32942167138,328.70401000177077,122.14987503233762,211401.9479800687,934097.8612157416,1176743.4709267775,37.8828939703526,16,38889.51515820508,21.76807828022755,8.252360770080971,143020.90106506858,647301.1903078349,815340.2248191965,2.5674703581025824,2
2014-10-26,302,97105.90267430716,33.75146426931085,12.54800336168159,281752.6773950409,1298600.2527730132,1634915.7667100078,3.891852523200214,6,73161.6935619045,309.0962552895582,114.86604956932976,211199.4249140132,934133.485275083,1176781.0642087902,35.624059341382235,42,38849.504084683744,20.342071156695113,7.711775440734678,142878.32906122386,647303.5895923023,815342.7067113245,2.399284467450343,5
2014-10-27,303,97006.76049345617,31.734402799266558,11.798127998676877,281471.3936010161,1298603.9120479494,1634919.626578161,3.6592749361880124,0,73071.24256350561,290.6564794702447,108.01580000713528,210996.56017297797,934166.9849500234,1176816.4148914206,33.49967494036537,38,38809.60359584953,19.0094689041591,7.206596545387858,142735.85951534307,647305.8317071056,815345.0260167836,2.242114803288132,3
2014-10-28,304,96907.82966787575,29.83787227315595,11.093059575388171,281190.3355151616,1298607.35264166,1634923.2557712602,3.4405937106348574,2,72981.90992732457,273.3153021092727,101.57340550452012,210793.38650939113,934198.4867049804,1176849.6565663086,31.50175495701842,25,38769.808960151706,17.76415517647642,6.734505902565536,142593.494962891,647307.9269458284,815347.1933846431,2.095238722744398,4
2014-10-29,305,96809.10328870881,28.05467174800923,10.43012144443251,280909.50626019505,1298610.5876210767,1634926.668073624,3.2349794167093933,2,72893.63312060628,257.0074393398788,95.51466001410762,210589.93472126397,934228.1095061372,1176880.9148940493,29.622801156830974,32,38730.11575324889,16.60041357337415,6.293336878205142,142451.2377642388,647309.8849287361,815349.2187673149,1.9579829077702016,2
2014-10-30,306,96710.57485440854,26.378030415251636,9.806796811938236,280628.90875560744,1298613.6292723548,1634929.8764458462,3.0416512780357152,1,72806.35334408624,241.67146818545044,89.81678556770474,210386.23376551672,934255.9652561306,1176910.3080650773,27.85574999335222,30,38690.51983828126,15.512902003073302,5.881064675723951,142309.09011590344,647311.7146459633,815351.1114652456,1.8297172271413729,4
2014-10-31,307,96612.23824618282,24.801581708912526,9.220719115865931,280348.54572992196,1298616.4891479022,1634932.8930744233,2.8598755474667996,1,72720.0153068476,227.2495986759946,84.45834841004385,210182.3108675484,934282.1592143379,1176937.947245246,26.19395820738282,34,38651.01734684185,14.496627952915958,5.495796969954826,142167.0540613893,647313.4244991706,815352.8801700284,1.709853207343258,2
2014-11-01,308,96514.08770529315,23.319339362554466,8.669663127864988,280068.41973202856,1298619.1781098687,1634935.7294176396,2.6889619664289057,5,72634.56701812755,213.68746244625626,79.41918089227627,209978.1916228081,934306.7903864906,1176963.9369885377,24.631172152701765,27,38611.60466154165,13.54692582417229,5.1357653189383905,142025.13150112442,647315.0223397228,815354.5330039086,1.5978405522182584,0
2014-11-02,309,96416.11781150552,21.925674673135557,8.151536513119602,279788.53314194403,1298621.70637143,1634938.3962491306,2.5282615614123642,4,72549.95958979432,200.93391156755786,74.68030746306535,209773.90009326447,934329.9518947145,1176988.37562921,23.1615082238568,18,38572.278399531315,12.659435503467524,4.7993170480226475,141883.3242018527,647316.5155047772,815356.0775571313,1.493165054358542,2
2014-11-03,310,96318.3234628367,20.61529512534134,7.664371900601644,279508.8881809259,1298624.0835355932,1634940.9036988348,2.377164163161069,2,72466.14705074322,188.94082900803534,70.22387502185492,209569.45889817894,934351.7313257235,1177011.3556507893,21.77943100896664,33,38533.0353971046,11.830082335395682,4.484907665547907,141741.633805411,647317.9108510077,815357.5209228401,1.395346230478026,0
2014-11-04,311,96220.69985654173,19.383224332509705,7.206319417338315,279229.48692096956,1298626.318631631,1634943.261291431,2.235096037853509,3,72383.08617256208,177.6629504863929,66.03308709346925,209364.889299474,934372.211058294,1177032.964032772,20.479732570587657,20,38493.87269534906,11.055058456389077,4.191093790472791,141600.06183691017,647319.2147860401,815358.8697296045,1.3039350324543193,0
2014-11-05,312,96123.24247124312,18.22478318889337,6.775639646610565,278950.3312937385,1298628.420149329,1634945.477982458,2.1015176977962255,2,72300.7363057006,167.05769678023813,62.09214169994155,209160.21128207011,934391.4685714523,1177053.2825767158,19.257513158256188,20,38454.7875267417,10.330805354460804,3.916526543398233,141458.60971237844,647320.4332978214,815360.1301718081,1.218511781306006,1
2014-11-06,313,96025.94705010542,17.135572079519267,6.370697094055406,278671.423098962,1298630.396071233,1634947.562192366,1.9759219042025506,2,72219.05922517763,157.0850152171889,58.386173046713196,208955.4436296228,934409.5767349752,1177072.3882139176,18.10816352290567,24,38415.77730258633,9.65399751936635,3.659945351684679,141317.27874592599,647321.5719821482,815361.3080381339,1.1386843267828226,1
2014-11-07,314,95928.80958502884,16.111454210951333,5.989953941140617,278392.7640123371,1298632.2539029492,1634949.5218384655,1.8578317160718143,1,72138.01898575645,147.70723076420398,54.90119651042576,208750.6039956961,934426.6040824351,1177090.3532943416,17.027347459923476,13,38376.83960130789,9.021527205027247,3.4201721779471166,141176.07015642157,647322.6360683193,815362.4087381085,1.064086171099916,3
2014-11-08,315,95831.82630181093,15.148539938041198,5.6319642343981275,278114.35559294117,1298634.0007015856,1634951.3643649414,1.746798636391759,1,72057.58178589218,138.8889059315907,51.62405684566479,208545.7089706886,934442.6150679311,1177107.2458582493,16.01098549598828,14,38337.972157517994,8.430490194930934,3.196106125619431,141034.98507372933,647323.6304431036,815363.4373268989,0.9943747842917219,2
2014-11-09,316,95734.99364616706,14.243172000932521,5.295368398763854,277836.1992902173,1298635.6431025546,1634953.0967711278,1.6424009690526873,1,71977.71583958477,130.5967085892108,48.54237932724435,208340.7741449333,934457.6703081478,1177123.1298922703,15.05524021666497,12,38299.1728517794,7.8781724747984265,2.9867183890070104,140894.02454454845,647324.5596731751,815364.3985285274,0.9292300714878365,0
2014-11-10,317,95638.30827056961,13.391911624541189,4.978888072315592,277558.2964505507,1298637.1873448032,1634954.7256381288,1.5442422486376017,4,71898.39125573271,122.79928734303098,45.644523665500294,208135.81416815732,934471.826810451,1177138.0655706623,14.156502303201705,6,38260.43970102881,7.362037760807879,2.7910475272610773,140753.18953787704,647325.4280261092,815365.2967575933,0.8683529341360554,1
2014-11-11,318,95541.76702190745,12.591525483347805,4.681321261133544,277280.6483234357,1298638.639294477,1634956.2571537828,1.451949673704803,2,71819.579925009,115.46715451793767,42.91954072511527,207930.8428052822,934485.1381869505,1177152.1094816918,13.311376499477774,19,38221.770849652,6.879715875724539,2.608195059618836,140612.4809501045,647326.2394899498,815366.1361395192,0.8114638405386358,1
2014-11-12,319,95445.3669297967,11.838973352578613,4.401537750716735,277003.25606731797,1298640.004467332,1634957.6971363057,1.36517285509035,2,71741.25541270712,108.57257517311099,40.35713146026348,207725.87298932235,934497.6548574265,1177165.314842205,12.516670476063155,18,38183.16456108261,6.428991805481987,2.4373213182847264,140471.8996098059,647326.9977916298,815366.9205296085,0.7583016799762845,0
2014-11-13,320,95349.10519606572,11.131396999007643,4.138474976517295,276726.1207548499,1298641.2880489002,1634959.0510555676,1.2835815681610256,0,71663.39286235029,102.08946714831212,37.94760992228525,207520.91686900452,934509.424232012,1177177.7316907668,11.769374585477635,7,38144.61921028938,6.007795912294522,2.277641739557718,140331.44628202898,647327.7064134456,815367.6535300894,0.7086218158947304,1
2014-11-14,321,95252.97918363028,10.466108426033871,3.891133655841644,276449.2433784513,1298642.4949158237,1634960.3240555988,1.206866923486814,0,71585.96889371495,95.99329519786455,35.68186407368232,207315.98585918176,934520.4909045914,1177189.4070921082,11.06667257938534,8,38106.1332758709,5.614193635077556,2.1284229605511453,140191.12167280586,647328.3686103923,815368.338508051,0.6621969466796145,1
2014-11-15,322,95156.98640772895,9.840580612253431,3.658574345149612,276172.6248546901,1298643.6296526636,1634961.5209723192,1.1347368399146944,2,71508.96152247624,90.2609874697718,33.55132484893971,207111.09068059095,934530.8968053231,1177200.3852983268,10.405900731682777,15,38067.705333885846,5.246377450089483,1.9889797722969296,140050.9264326749,647328.987423696,815368.9786094418,0.6188133036484942,1
2014-11-16,323,95061.12452637182,9.252437417860053,3.4399136878645575,275896.2660290572,1298644.6965702176,1634962.6463528695,1.0669175540097058,0,71432.35007266117,84.870844435623,31.547932433264503,206906.24140318725,934540.681366882,1177210.7079245872,9.784561558975838,14,38029.33405114152,4.902658125183827,1.858671805267863,139910.86116051095,647329.5656955319,815369.5767742974,0.5782718359259889,2
2014-11-17,324,94965.39133194713,8.699444713490092,3.2343211186276615,275620.1676801623,1298645.6997216216,1634963.7044725886,1.003151403972879,3,71356.11509970282,79.80245875789971,29.664106579129047,206701.4474842583,934549.8816706792,1177220.414103634,9.200303797144443,6,37991.01817934785,4.581457100968731,1.7369006417774278,139770.9264068629,647330.106081849,815370.1357500086,0.5403863170649856,0
2014-11-18,325,94869.78474315359,8.179501853305341,3.041015692940919,275344.3305237667,1298646.6429178219,1634964.6993513443,0.9431962003000081,1,71280.23831648065,75.03663821504088,27.89271803789929,206496.71780507776,934558.5325874754,1177229.5406343658,8.650916796177626,7,37952.75654952729,4.281299205024247,1.6231070545520285,139631.12267714457,647330.6110646304,815370.6581040046,0.5049827814800665,0
2014-11-19,326,94774.302797476,7.690633721750542,2.859263130650954,275068.7552165458,1298647.5297420104,1634965.6347687533,0.8868241885211319,0,71204.70252434777,70.55533374506317,26.227061901895368,206292.06070510662,934566.6669085908,1177238.122120463,8.134321115445346,18,37914.54806683441,4.000805899398679,1.5167684475181273,139491.45043459223,647331.0829632583,815371.1462355106,0.47189862781669945,2
2014-11-20,327,94678.94364408264,7.230983224895636,2.6883730265340104,274793.4423596395,1298648.3635632468,1634966.5142785588,0.8338212363887578,1,71129.49154801505,66.34157147307525,24.660832402438,206087.48401429688,934574.3154698334,1177246.1911013054,7.648561242618598,5,37876.39170569482,3.7386889440193385,1.417396453967509,139351.9101030399,647331.5239451774,815371.6023865794,0.4409819191787392,1
2014-11-21,328,94583.7055370916,6.79880417219372,2.527696203722752,274518.39250201907,1298649.1475493787,1634967.3412222543,0.7839861318934709,0,71054.59017382165,62.37938822961224,23.18809900517132,205882.99508372752,934581.5072690297,1177253.7781761251,7.191799196298234,3,37838.286505220625,3.4937444201882366,1.3245346713244253,139212.50206953665,647331.9360359532,815372.0286524966,0.412090775789693,0
2014-11-22,329,94488.58682949591,6.392454854305143,2.3766223253337038,274243.6061435245,1298649.8846786956,1634968.1187413805,0.7371293168980628,0,70979.98409404512,58.65377330100871,21.803284809038477,205678.6008132653,934588.2695721443,1177260.9121160896,6.7623031145194545,5,37800.231565120586,3.264847398377048,1.2377566400774918,139073.22668668194,647332.3211282446,815372.4269910629,0.3850922913989052,0
2014-11-23,330,94393.58596705174,6.010391582157008,2.234577491142254,273969.08373792097,1298650.5777516512,1634968.8497898886,0.6930729555897415,0,70905.65985087838,55.15060984808154,20.501144831544007,205474.30767938503,934594.6280200088,1177267.6199770365,6.358447864535265,8,37762.226041574344,3.050946559236915,1.156663805086068,138934.08427498123,647332.6809908558,815372.7992319588,0.35986261116340756,0
2014-11-24,331,94298.70148283658,5.651162931612107,2.1010221020292854,273694.8256956191,1298651.229401308,1634969.5371451604,0.6516496569383889,0,70831.6047865321,51.856622660010586,19.276746622977715,205270.12175997114,934600.6067234718,1177273.9271999523,5.978703462984413,2,37724.26914360815,2.85105946791211,1.080883724112032,138795.0751249154,647333.0172766886,815373.1470849705,0.3362858328036964,0
2014-11-25,332,94203.93199201176,5.313404204493195,1.9754488042803837,273420.8323862937,1298651.8421033833,1634970.1834186064,0.6127020751591772,1,70757.80699521289,48.75932786390831,18.125451605446933,205066.04875818954,934606.2283549792,1177279.8577076835,5.6216315074125305,7,37686.360129616354,2.6642680385236592,1.0100683484540809,138656.1994989273,647333.3315303748,815373.472147886,0.31425368622876704,1
2014-11-26,333,94109.27618693648,4.9958322623713975,1.857380568195314,273147.10414132685,1298652.4181856236,1634970.7910655544,0.5760822403244674,0,70684.2552783274,45.84698598304387,17.04289765051719,204862.094024765,934611.5142340419,1177285.433995177,5.285879062721506,3,37648.49830414087,2.489714334530746,0.9438924310308017,138517.45763326043,647333.6251953434,815373.7759138048,0.293664968572557,0
2014-11-27,334,94014.73283254784,4.697240646483426,1.746368859021783,272873.64125612,1298652.9598366704,1634971.3623945965,0.5416510468348861,0,70610.93910215578,43.10855754177708,16.024982634190454,204658.2625790354,934616.4844080138,1177290.6772147925,4.970173971843906,8,37610.68301484245,2.32659661884452,0.882052029986092,138378.84973968862,647333.8996204657,815374.059778014,0.2744251223048195,0
2014-11-28,335,93920.300762036,4.416495003494605,1.641991938797288,272600.443992256,1298653.4691143574,1634971.8995763415,0.5092776869423687,1,70537.84855819744,40.533661467518755,15.067848997458059,204454.55912868437,934621.1577277961,1177295.607256227,4.673319782363251,0,37572.91364968365,2.1741656800127203,0.8242631159679653,138240.37600712475,647334.1560662382,815374.325044383,0.2564457724802196,0
2014-11-29,336,93825.97887276788,4.152528761714577,1.5438532950169448,272327.51257953414,1298653.9479535318,1634972.4046516796,0.4788391743786633,4,70464.97432573608,38.112535821505276,14.167869130302723,204250.98808837784,934625.5519193228,1177300.242821972,4.394191526691429,3,37535.18963428483,2.0317213848366453,0.7702602635348786,138102.03660313084,647334.3957105834,815374.5729313644,0.23964434524532408,0
2014-11-30,337,93731.76612245457,3.9043390907652546,1.4515801025870205,272054.84721789,1298654.3981734093,1634972.8795395268,0.45021987752988935,0,70392.30763675953,35.836000954073626,13.321631729902318,204047.55359722677,934629.683650568,1177304.601498066,4.131731245201081,6,37497.51042946117,1.898609465459751,0.7197954349793249,137963.83167532424,647334.619654256,815374.8045775864,0.22394367260858417,0
2014-12-01,338,93637.66152555063,3.6709830930769556,1.3648218091738455,271782.4480791964,1298654.8214844821,1634973.326044114,0.4233110728673637,0,70319.8402429466,33.6954248226669,12.52592893259457,203844.25953522773,934633.568594623,1177308.6998206873,3.884944054996595,3,37459.87552892005,1.7742185160603199,0.6726368418592262,137825.76135269296,647334.8289258955,815375.0210470799,0.20927163946907967,0
2014-12-02,339,93543.6641498674,3.4515742165398744,1.283248817045925,271510.3153089553,1298655.2194950206,1634973.7458618458,0.39801053842529655,0,70247.56438458961,31.682690344242715,11.777744175615233,203641.10953874578,934637.2214890879,1177312.553338841,3.652894464903511,2,37422.28445710606,1.6579771825706466,0.628567878911886,137687.82574682607,647335.0244867555,815375.2233341711,0.1955608599819243,0
2014-12-03,340,93449.77311339819,3.245278901542605,1.2065512227522568,271238.4490278867,1298655.59371716,1634974.1405877243,0.3742221393622458,0,70175.47276150716,29.790164814770346,11.074240857101952,203438.10701500482,934640.6561916718,1177316.1766730554,3.4347025839379057,1,37384.736767196606,1.5493515478507982,0.5873861335022788,137550.02495305878,647335.2072351032,815375.4123680308,0.1827483477536589,1
2014-12-04,341,93355.98758131471,3.0513133993223,1.1344376475921372,270966.8493334294,1298655.9455726696,1634974.5117214313,0.35185550968162715,0,70103.55850548181,28.010670931854357,10.412751564325646,203235.255155825,934643.8857328906,1177319.5835710007,3.2295412187231705,6,37347.23203921406,1.4478426696574063,0.5489024516722115,137412.35905155045,647335.3780103623,815375.5890169614,0.17077525903005153,0
2014-12-05,342,93262.30676315488,2.868940800797553,1.066634123790839,270695.51630114863,1298656.2763983472,1634974.86067302,0.3308256776072085,0,70031.81515448973,26.33745968469228,9.790768016042218,203032.55695046685,934646.9223653469,1177322.7869595094,3.0366324563510716,2,37309.76987827176,1.3529842923930513,0.5129400711514656,137274.8281082861,647335.537596962,815375.7540923791,0.15958659967873245,1
2014-12-06,343,93168.72991017364,2.69746823344727,1.002883055270095,270424.44998605986,1298656.5874511027,1634975.1887682767,0.3110527554526925,0,69960.23662840482,24.764184791866338,9.20593156733308,202830.01519774375,934649.7776102026,1177325.7989936208,2.85524485562928,7,37272.34991293037,1.2643407032269107,0.479333808505821,137137.4321760156,647335.6867279456,815375.908352545,0.1491309836274013,0
2014-12-07,344,93075.25631284865,2.5362442229086057,0.9429422369154785,270153.65042387677,1298656.8799127443,1634975.4972537702,0.29246164159849286,1,69888.81720612684,23.28487862961666,8.656024269902494,202627.6325174268,934652.4623009289,1177328.6311027617,2.6846907263388857,1,37234.971793660225,1.181504726338219,0.44792929877308474,137000.17129513138,647335.8260883442,815376.0525060561,0.13936039863619953,0
2014-12-08,345,92981.88529864802,2.3846563316755227,0.8865839763701973,269883.11763212737,1298657.1548942633,1634975.7873013713,0.2749815189745277,0,69817.55150511129,21.893930681710437,8.13896086902285,202425.4113604532,934654.9866224772,1177331.2940320836,2.524321548291482,2,37197.63519147325,1.1040959381346682,0.41858231888947695,136863.0454944502,647335.9563181804,815376.187214952,0.13022983621340245,1
2014-12-09,346,92888.61622954911,2.24212853483847,0.8335941180459262,269612.85161139513,1298657.413440596,1634976.0600132751,0.25854633282870054,0,69746.43445861925,20.586063584541282,7.652779906861497,202223.3540202734,934657.3601548097,1177333.797888405,2.3735323324799538,2,37160.3397964103,1.031758694068334,0.39115803969186136,136726.05479207667,647336.0780157873,815376.3130981483,0.1216976068681106,0
2014-12-10,347,92795.44850028591,2.1081193658128816,0.7837713544449669,269342.8523461947,1298657.6565339863,1634976.3164255477,0.24309339025057852,0,69675.46129964327,19.35631619591771,7.195637432214735,202021.46264087022,934659.5919036681,1177336.152172681,2.2317488584667444,0,37123.08531648441,0.9641607500642342,0.3655305032723591,136589.19919600704,647336.1917401287,815376.4307338373,0.11372434138320386,0
2014-12-11,348,92702.38153624849,1.9821196939229375,0.7369264007589195,269073.11980602273,1298657.8850980168,1634976.5575123804,0.22856403049081564,1,69604.62754164316,18.200023301649097,6.765799462011134,201819.73922637056,934661.690337447,1177338.3658189175,2.098433778854087,3,37085.87147641404,0.9009916099288547,0.34158199645218823,136452.47870485266,647336.2980135796,815376.5406623624,0.10627345088869333,0
2014-12-12,349,92609.41479167396,1.863650811368595,0.6928812821346075,268803.653946263,1298658.1000010811,1634976.7841897504,0.21490306430496275,0,69533.92896195967,17.11279813736497,6.361635491127345,201618.18564932104,934663.6634189467,1177340.44722768,1.973081499687396,1,37048.69801654179,0.8419611147949332,0.31920251612585276,136315.8933084574,647336.3973242986,815376.6433886745,0.09931071905884892,1
2014-12-13,350,92516.54774793885,1.752262627027624,0.6514686614141192,268534.4547090397,1298658.302059661,1634976.9973188778,0.2020585797727108,1,69463.36158615483,16.09051588514644,5.981612361076859,201416.80365850346,934665.5186353575,1177342.4042977341,1.8552164108259603,1,37011.56469182066,0.7867981205236206,0.2982892678959231,136179.44298847666,647336.490128454,815376.739384633,0.09280415542889386,0
2014-12-14,351,92423.77991193908,1.6475319520766107,0.6125312034286315,268265.5220240277,1298658.4920414349,1634977.197709505,0.18998177396133542,0,69392.92167315238,15.12929801045471,5.624288439840398,201215.59488635111,934667.2630267139,1177344.2444560712,1.74439135636203,3,36974.47127085657,0.7352492486297927,0.2787461924721317,136043.1277189242,647336.5768523252,815376.8290911801,0.08672387117985636,0
2014-12-15,352,92331.11081451774,1.549060836485512,0.5759209573819938,267996.85580923874,1298658.6706682958,1634977.386123081,0.17862686095759273,0,69322.60570081756,14.22549706131687,5.288307973823675,201014.5608561466,934668.9032135082,1177345.9746870473,1.6401867943350226,5,36937.41753498212,0.6870776779025591,0.26048350753504534,135906.94746670127,647336.6578943352,815376.9129204437,0.08104200998786837,0
2014-12-16,353,92238.54000916393,1.4564751913895138,0.5414988475731408,267728.45597167173,1298658.8386188494,1634977.5632753943,0.16795055358670652,0,69252.41035401807,13.375684075618954,4.972396406609972,200813.7029879833,934670.4454195632,1177347.6015565158,1.5422060550190508,6,36900.403277506164,0.6420621654249331,0.2434173364638975,135770.90219202483,647336.733626698,815376.9912574405,0.0757323628058657,0
2014-12-17,354,92146.06707058504,1.36942328090524,0.5091341069492679,267460.3224080271,1298658.9965311515,1634977.7298394637,0.15791230206377804,0,69182.33251154072,12.57663478413152,4.675355258100415,200613.02260529608,934671.8954970888,1177349.13123827,1.4500775255728513,0,36863.42830288049,0.5999959592650315,0.22746929641197,135634.99184890385,647336.8043972488,815377.0644619697,0.07077055075205863,0
2014-12-18,355,92053.69159338839,1.2875743301957063,0.4787037517832809,267192.45500536676,1298659.1450052399,1634977.886448202,0.14847408840432763,0,69112.369234013,11.825316869925787,4.396057398808396,200412.52094089048,934673.2589498184,1177350.5695384587,1.3634527296526358,2,36826.49242593535,0.5606858010156123,0.21256612054952911,135499.21638557556,647336.8705311202,815377.1328703475,0.06613387144170702,0
2014-12-19,356,91961.41319100215,1.210617381931742,0.4500921617771435,266924.85364165367,1298659.284605206,1634978.0336966042,0.1395999661181122,0,69042.51775399533,11.118879514862197,4.133443159355596,200212.19914189214,934674.5409519952,1177351.921915616,1.2820021767402068,1,36789.59547127141,0.5239511325321473,0.19863935707178676,135363.57574485277,647336.9323320782,815377.1967967883,0.06180095800664276,0
2014-12-20,357,91869.23149450778,1.138260052879198,0.42319064075414187,266657.51818633237,1298659.4158614336,1634978.172144118,0.13125622761435807,0,68972.77546523557,10.454642072615096,3.8865160999669657,200012.05827511413,934675.7463689573,1177353.1935023742,1.205416962155141,1,36752.73727258744,0.48962321926688396,0.18562503574109465,135228.06986450788,647336.9900839974,815377.2565349306,0.0577519191429019,0
2014-12-21,358,91777.14615158903,1.0702274238155904,0.39789699897265596,266390.4485008557,1298659.5392726185,1634978.30231677,0.12341118487529457,0,68903.13991303723,9.830083903711085,3.654339238471756,199812.099331867,934676.8797755939,1177354.3891249392,1.133406636537984,0,36715.91767208621,0.4575443749467206,0.17346337420180724,135092.6986776123,647337.0440521654,815377.312359186,0.05396816798020154,1
2014-12-22,359,91685.15682554906,1.0062610195948927,0.37411511875998077,266123.64443918166,1298659.6553076517,1634978.4247091361,0.11603503325022757,0,68833.60878533561,9.242834937374056,3.4360315969270467,199612.3232324105,934677.9454734459,1177355.513321153,1.0656978520564735,1,36679.13651992815,0.42756724789930173,0.16209851009942236,134957.46211284792,647337.0944844817,815377.3645259809,0.05043231637682766,0
2014-12-23,360,91593.2631943901,0.9461178046204757,0.3517546665031317,265857.10584822454,1298659.7644073893,1634978.5397862347,0.10909973760135472,0,68764.17990411342,8.690666643780393,3.2307647625758342,199412.7308302497,934678.9475071573,1177356.5703578198,1.002033711411059,2,36642.39367370847,0.39955414038002174,0.15147823887701958,134822.36009480624,647337.1416126054,815377.4132749421,0.047128123696893454,0
2014-12-24,361,91501.46494992547,0.8895692799977981,0.33073065584275063,265590.8325683092,1298659.8669863532,1634978.6479852882,0.10257896385155618,0,68694.85121742393,8.171483578041704,3.0377598436279523,199213.3229161094,934679.8896797616,1177357.5642468717,0.9421726042637601,1,36605.688997973855,0.37337637611109753,0.14155377891195098,134687.39254426377,647337.1856530162,815377.4588299955,0.04404041077941656,0
2014-12-25,362,91409.76179697477,0.8364005938437636,0.3109632225733224,265324.82443356334,1298659.9634342792,1634978.7497173906,0.09644792601466179,0,68625.62079183308,7.683315438617125,2.8562844173197273,199014.10022172035,934680.7755671686,1177358.4987606148,0.8858874069992453,2,36569.02236376745,0.3489137086098699,0.13227954209478646,134552.55937844235,647337.2268080139,815377.5014003982,0.04115499765612185,0
2014-12-26,363,91318.1534525841,0.7864097376330859,0.2923772673428518,265059.081272312,1298660.0541176093,1634978.8453690645,0.0906833300832659,0,68556.48680536472,7.224309599560473,2.6856498098573787,198815.06342333744,934681.6085316865,1177359.377446016,0.8329645178746432,0,36532.39364820709,0.3260537698275139,0.12361292763019086,134417.8605112497,647337.2652666426,815377.5411816965,0.038458628696389496,0
2014-12-27,364,91226.6396453003,0.7394067784939051,0.27490216920683724,264793.6029074418,1298660.1393808883,1634978.9353037297,0.0852632790338248,0,68487.44754084208,6.79272408051972,2.525208484917999,198616.21314506646,934682.3917347839,1177360.2036381694,0.7832030974095687,0,36495.80273408946,0.3046915536064819,0.1155141262613453,134283.2958535055,647337.3012055607,815377.578356625,0.03593891812488437,0
2014-12-28,365,91135.22011449157,0.6952131331608268,0.2584715364226774,264528.38915673736,1298660.219548067,1634979.0198630865,0.08016717876307666,0,68418.50137962321,6.386920938928533,2.3743515681527407,198417.54996199574,934683.1281490998,1177360.9804729593,0.7364143158774823,1,36459.24950951987,0.28472893315809106,0.10794593633763719,134148.8653131526,647337.3347898537,815377.6130959473,0.033584292978048325,0
2014-12-29,366,91043.89460970517,0.6536608928810717,0.24302294339061517,264263.439833204,1298660.2949237325,1634979.0993684109,0.07537566544488072,1,68349.64679572896,6.005360065614422,2.232506552792567,198219.074403129,934683.8205696996,1177361.710898939,0.6924205998657271,0,36422.733867567506,0.26607421096793643,0.10087359376283522,134014.568795454,647337.3661737903,815377.6455592375,0.03138393664266914,0
2014-12-30,367,90952.66289006492,0.6145921852066328,0.22849769496577724,263998.7547453687,1298660.365794267,1634979.1741217754,0.07087053451687098,0,68280.88235031128,5.646593343650125,2.0991351272207117,198020.7869541493,934684.4716246801,1177362.3976885194,0.6510549804661423,2,36386.255705942574,0.24864169761318788,0.0942646122430081,133880.40620317718,647337.3955015312,815377.6758956147,0.029327740892767906,0
2014-12-31,368,90861.52472370313,0.5778585727621652,0.21484060425044946,263734.3336975638,1298660.4324289372,1634979.2444072005,0.06663467013277113,0,68212.2066864415,5.309259144815902,1.9737311282408339,197822.68806002365,934685.0837851613,1177363.0434485096,0.6121604811633006,0,36349.81492669402,0.23235131738666606,0.08808863370991209,133746.37743676646,647337.4229077931,815377.7042444285,0.027406261884607375,0
2015-01-01,369,90770.47988722815,0.5433204899838904,0.2019997827749285,263470.1764901931,1298660.4950809162,1634979.3104917298,0.06265197903849185,0,68143.61852422512,4.992077170072009,1.8558186238209244,197624.77812744342,934685.6593746521,1177363.6506299989,0.5755894908215851,0,36313.4114359279,0.21712824088453322,0.08231728905009973,133612.4823945038,647337.448518466,815377.7307358992,0.025610672892071307,0
2015-01-02,370,90679.52816521855,0.5108467080758408,0.1899264414338253,263206.28291998466,1298660.5539882537,1634979.3726264555,0.05890733748674393,0,68075.11665616193,4.693843548573292,1.7449500916521787,197427.05752714365,934686.200577947,1177364.2215377407,0.5412032948806882,1,36277.045143541545,0.20290253820552862,0.07692406663517107,133478.72097266067,647337.4724511973,815377.7554917203,0.02393273136112839,0
2015-01-03,371,90588.66934977303,0.4803138587560269,0.17857471370096595,262942.65278021566,1298660.60937474,1634979.43104743,0.055386486230418086,0,68006.69994301602,4.413426475651638,1.6407047976068194,197229.52659596628,934686.7094490447,1177364.758338509,0.508871097699739,0,36240.715962988455,0.18960887212212973,0.07188419598539034,133345.0930656321,647337.4948159081,815377.7786255933,0.02236471080686897,1
2015-01-04,372,90497.90324003484,0.45160593126518905,0.16790146835854247,262679.28586095007,1298660.6614508193,1634979.4859766273,0.05207607941702008,0,67938.36730945333,4.14976160451516,1.5426870831729966,197032.1856390405,934687.1879195126,1177365.26306992,0.4784704679623246,1,36204.42381103116,0.17718617572327838,0.06717452557261959,133211.59856607765,647337.515715335,815377.8002437883,0.020899426890537143,0
2015-01-05,373,90407.22964178653,0.4246138436518135,0.1578661499893145,262416.18194924097,1298660.7104143675,1634979.5376227635,0.04896354814991355,0,67870.11774032345,3.9018481183351166,1.450524905589656,196835.03493164078,934687.6378056165,1177365.7376479574,0.44988610385917127,1,36168.1686075323,0.165577379830858,0.06277341948573315,133078.23736504093,647337.5352454892,815377.8204456182,0.019530154182575643,0
2015-01-06,374,90316.64836707516,0.3992350462336769,0.1484306318998973,262153.3408293177,1298660.7564514093,1634979.5861820567,0.04603704181499779,0,67801.95027722091,3.66874509775086,1.3638684873230331,196638.07472090557,934688.0608149143,1177366.1838739251,0.4230092978104949,2,36131.95027526261,0.15472916248257132,0.05866066243896596,132945.00935205867,647337.553496077,815377.8393238751,0.018250587745569646,0
2015-01-07,375,90226.1592338284,0.375373115239638,0.13955906538829288,261890.76228277799,1298660.7997368579,1634979.6318390027,0.04328544856980443,0,67733.86401496135,3.4495677982295265,1.2823889320744633,196441.305227598,934688.458553014,1177366.6034415774,0.3977380996802822,0,36095.7687397048,0.14459169310014758,0.05481736276579533,132811.9144152731,647337.5705509317,815377.8569652755,0.01705485477577895,0
2015-01-08,376,90135.76206551008,0.3529373887809524,0.1312177438084836,261628.4460887594,1298660.840435174,1634979.6747670732,0.04069831618107855,0,67665.8580984235,3.243484313210984,1.2057769850610658,196244.72664768467,934688.8325296289,1177366.9979435084,0.37397661490831524,0,36059.62392887922,0.13511840499697955,0.051225866202121585,132678.95244153097,647337.5864883953,815377.8734508554,0.01593746361322701,0
2015-01-09,377,90045.4566907983,0.33184262653514685,0.12337497525240047,261366.39202410073,1298660.8787009844,1634979.7151293664,0.03826581034809351,0,67597.931719596,3.0497124539652822,1.1337418739513576,196048.33915381104,934689.1841642413,1177367.3688771266,0.3516346124233678,0,36023.515773182015,0.12626578425174248,0.04786967588321353,132546.1233164763,647337.6013816742,815377.8888563388,0.014893278828822076,0
2015-01-10,378,89955.24294327397,0.31200868002033477,0.1160009606939869,261104.59986349702,1298660.9146796784,1634979.7530792372,0.03597869398072362,0,67530.08411471882,2.8675167292932806,1.066010185525223,195852.14289673034,934689.5147915841,1177367.7176504366,0.3306273428024724,0,35987.444205228836,0.11799316585703888,0.04473337502527011,132413.42692463912,647337.6152991806,815377.9032524916,0.013917506439611316,0
2015-01-11,379,89865.12066112769,0.29336018230606076,0.10906767946443197,260843.06937964607,1298660.9485079725,1634979.788760892,0.033828294137492776,0,67462.31456159287,2.696205503393673,1.0023248084396856,195656.13800664837,934689.8256668007,1177368.0455874836,0.3108752166153863,1,35951.40915970878,0.11026254311617735,0.041802554624368465,132280.86314951908,647337.6283048562,815377.916705454,0.013005675631575286,0
2015-01-12,380,89775.08968691561,0.27582628893460714,0.10254879488344529,260581.80034337007,1298660.9803143772,1634979.8223098833,0.0318064047023654,0,67394.62237733556,2.5351286246916716,0.9424440499704012,195460.32459434526,934690.1179697494,1177368.3539328917,0.2923029486555606,1,35915.41057326509,0.10303841209401966,0.039063754390800974,132148.43187365317,647337.6404584314,815377.9292770105,0.01215357519686222,0
2015-01-13,381,89685.14986728196,0.2593403852807046,0.09641954339789684,260320.79252375418,1298661.0102197288,1634979.8538536688,0.029905351577326655,0,67327.00691583952,2.383674739859524,0.8861406395680693,195264.70275244565,934690.3928098767,1177368.6438570085,0.2748401273274794,1,35879.448384357514,0.0962875920566408,0.036504394774734154,132016.13297869448,647337.651815728,815377.9410249031,0.011357296607457101,0
2015-01-14,382,89595.30105271138,0.2438398256814651,0.09065663436528647,260060.04568827045,1298661.0383376668,1634979.8835121142,0.028117937967181206,0,67259.46756550478,2.241268896531897,0.8332008408457149,195069.27255655153,934690.6512305676,1177368.9164604926,0.2584206908941269,0,35843.522533140946,0.08997906704443721,0.03411271706039208,131883.96634548128,647337.6624289263,815377.9520031062,0.01061319827567786,0
2015-01-15,383,89505.54309732627,0.22926572143453558,0.08523816468642523,259799.55960287983,1298661.0647750215,1634979.9113978993,0.026437354739755392,0,67192.00374738984,2.107370587053973,0.7834237305674364,194874.0340661659,934690.8942126903,1177369.172778057,0.24298212269786745,0,35807.63296136961,0.08408386076462056,0.0318777362522558,131751.93185409135,647337.6723467743,815377.9622620449,0.009917847928591073,0
2015-01-16,384,89415.87585866477,0.21556270142281792,0.08014354263012256,259539.33403214137,1298661.0896322394,1634979.937616972,0.02485721791163087,0,67124.61491315419,1.981471578697919,0.7366203799066255,194678.98732572232,934691.1226785434,1177369.4137826283,0.22846585314255208,0,35771.77961228779,0.07857489435515495,0.029789186530756726,131620.02938390477,647337.6816148281,815377.9718488421,0.00926805380731821,0
2015-01-17,385,89326.29919748333,0.20267869885007841,0.07535342052297139,259279.3687393096,1298661.113003763,1634979.9622689527,0.023371523478999734,0,67057.30054322585,1.863093981349868,0.6926131247732268,194484.1323655019,934691.3374953702,1177369.6403890492,0.2148168267449364,0,35735.962430534106,0.07342686166214787,0.02783747338836578,131488.25881365806,647337.6902756621,815377.9808075363,0.008660834049805999,0
2015-01-18,386,89236.81297757308,0.19056475712796822,0.07084962270739505,259019.66348642597,1298661.1349783821,1634979.9854475057,0.021974619245156646,0,66990.06014511762,1.7517884679855922,0.6512349042748737,194289.469202475,934691.5394785879,1177369.8534574865,0.20198321773204952,0,35700.1813620543,0.068616115471984,0.026013630492633995,131356.62002149413,647337.6983690603,815377.9891792791,0.008093398180790246,0
2015-01-19,387,89147.41706557083,0.17917485597667543,0.06661500844924126,258760.2180344207,1298661.1556395988,1634980.0072406959,0.02066121669486165,0,66922.89325181095,1.6471325420690937,0.6123286855127625,194094.9978411016,934691.729394887,1177370.0537967242,0.1899162990739569,0,35664.4363540177,0.06412055734896954,0.024309281426223604,131225.1128850095,647337.7059321993,815377.9970025261,0.007563138962723315,0
2015-01-20,388,89058.11133080658,0.1684657227077443,0.06263347803271938,258501.03214318075,1298661.1750659158,1634980.0277313238,0.0194263169541955,0,66855.79942023165,1.5487289526982504,0.575746801853021,193900.71827410083,934691.9079651553,1177370.2421672223,0.17857026832643896,0,35628.72735473913,0.05991953710343545,0.022716597883801877,131093.737281299,647337.7129998197,815378.0043132133,0.007067620404995978,0
2015-01-21,389,88968.8956451499,0.15839666377772932,0.058889926923261365,258242.1055716248,1298661.1933311361,1634980.046997244,0.01826522033661604,0,66788.77822981318,1.4562041820622678,0.5413503747623943,193706.63048317077,934692.0758672345,1177370.4192840196,0.16790207917802036,0,35593.0543136056,0.05599375738214601,0.0212282626886021,130962.49308699754,647337.7196043871,815378.0111449221,0.006604567402973771,0
2015-01-22,390,88879.7698828531,0.14892942421016914,0.05537012314334081,257983.43807778848,1298661.2105046595,1634980.0651116557,0.017173523316159844,0,66721.82928117274,1.3692070220745978,0.509008851628622,193512.73443964278,934692.2337384569,1177370.5858194337,0.15787122235633433,0,35557.41718100921,0.052325185047983336,0.019837439599217185,130831.38017831824,647337.7257762394,815378.0175290345,0.006171852350234985,0
2015-01-23,391,88790.73392042107,0.14002803326285082,0.05206069622599225,257725.02941888466,1298661.2266517356,1634980.0821433843,0.016147076152265072,0,66654.95219484091,1.2874072475228653,0.47859946842982964,193319.0301051215,934692.382178085,1177370.7424056171,0.14843962818849832,0,35521.8159082832,0.04889696853113581,0.01853773973420649,130700.39843108883,647337.7315437276,815378.0234948756,0.005767488153651357,0
2015-01-24,392,88701.7876364794,0.13165867081572658,0.04894907137772167,257466.8793513706,1298661.2418337136,1634980.0981571397,0.015181978000327945,0,66588.14661007807,1.210494359905673,0.45000679816166417,193125.51743207432,934692.52174958,1177370.8896369576,0.1395714950049296,1,35486.25044764275,0.04569336029720009,0.017323192960394203,130569.54772078525,647337.736933344,815378.0290698495,0.005389616475440562,0
2015-01-25,393,88612.93091165331,0.12378953810250161,0.04602342493221305,257208.9876310078,1298661.256108278,1634980.1132137664,0.014274564338847995,0,66521.41218375819,1.1381764086103432,0.42312230928129874,192932.1963643901,934692.6529827428,1177371.0280723358,0.13123316271230578,0,35450.72075212934,0.04269964447844962,0.016188220286614995,130438.82792256324,647337.7419698464,815378.0342795653,0.005036502378061414,0
2015-01-26,394,88524.16362845425,0.11639073681197092,0.043272642200953094,256951.35401291843,1298661.269529663,1634980.1273704707,0.013421385083347559,0,66454.74858932362,1.0701788874411968,0.39784395284201474,192739.0668379011,934692.7763757189,1177371.1582372377,0.12339297612197697,0,35415.2267755592,0.039902069548766135,0.015127608204176123,130308.23891128789,647337.7466763696,815378.0391479533,0.004706523148342967,0
2015-01-27,395,88435.48567117142,0.10943415573612084,0.04068627136593482,256693.9782516394,1298661.2821488627,1634980.14068104,0.012619199696928263,0,66388.15551579572,1.006243687411101,0.37407577698083394,192546.12878087768,934692.8923968967,1177371.2806257596,0.1160211778478697,0,35379.76847247456,0.037287784841062474,0.01413648481132393,130177.78056156106,647337.7510745331,815378.0436973765,0.004398163524456322,0
2015-01-28,396,88346.89692577119,0.10289336377751801,0.03825448571787122,256436.86010117244,1298661.294013823,1634980.153196047,0.011864960193634033,0,66321.63266684939,0.9461281192381227,0.35172756162275315,192353.38211449058,934693.0014866826,1177371.3957024794,0.10908978583756834,0,35344.345798098584,0.03484478164322733,0.013210297384111083,130047.45274774717,647337.7551845397,815378.0479487329,0.004110006615519524,0
2015-01-29,397,88258.39727980128,0.09674350888792418,0.03596804563381424,256179.9993150314,1298661.3051696252,1634980.1649630435,0.01115580229088664,0,66255.17975993513,0.8896039855016284,0.33071447399191256,192160.82675324992,934693.1040591837,1177371.503904233,0.10257250117138028,0,35308.95870829263,0.03256183764079599,0.012344791335363715,129917.25534399746,647337.7590252697,815378.0519215515,0.0038407299434766173,0
2015-01-30,398,88169.98662230314,0.09096122530414567,0.033818263908719344,255923.39564628623,1298661.3156586553,1634980.1760267369,0.010489030042663217,0,66188.79652547388,0.8364567293870864,0.3109567523366982,191968.46260540705,934693.2005037538,1177371.605641743,0.09644457011017948,0,35273.60715951749,0.030428466256564615,0.011535991017140248,129787.18822427174,647337.762614365,815378.0556340814,0.003589095314964652,0
2015-01-31,399,88081.66484373085,0.08552454793104249,0.03179697407391171,255667.04884760306,1298661.3255207576,1634980.1864291548,0.009862102335318923,0,66122.48270611423,0.7864846495918318,0.2923794139355586,191776.28957332642,934693.2911864171,1177371.7013011225,0.09068266325630248,0,35238.29110879769,0.028434870199346395,0.010780182102998664,129657.25126235896,647337.7659683081,815378.0591033718,0.0033539431169629097,0
2015-02-01,400,87993.43183585849,0.08041281429938774,0.02989649421303889,255410.9586712901,1298661.3347934135,1634980.1962098326,0.009272655937820673,0,66056.23805588167,0.7394980014528885,0.2749119206946265,191584.3075539101,934693.3764515005,1177371.7912455972,0.0852650833548978,1,35203.010513680936,0.02657188851813496,0.010073891502385265,129527.44433190007,647337.7691025111,815378.0623453648,0.0031342030270025134,0
2015-02-02,401,87905.28749172333,0.0756066044065817,0.02810960484902429,255155.12486932595,1298661.3435118506,1634980.2054059277,0.008718437049537897,0,65990.06233965699,0.6953184455150073,0.2584879739139585,191392.51643885882,934693.4566226339,1177371.8758165576,0.08017113339155912,0,35167.76533221353,0.02483096463108911,0.009413875227588138,129397.7673064019,647337.7720313692,815378.065374951,0.002928858040831983,0
2015-02-03,402,87817.23170554683,0.07108765769584698,0.02642951679408822,254899.54719339876,1298661.3517091933,1634980.2140523796,0.008197342744097114,0,65923.9553324537,0.6537782834476233,0.24304523146686943,191200.9161150326,934693.5320041362,1177371.9553350257,0.0753815023927018,0,35132.555522906245,0.02320410179621369,0.008797101573995448,129268.22005925655,647337.7747683357,815378.0682060461,0.0027369665913283825,0
2015-02-04,403,87729.2643726701,0.06683880491142866,0.02484984574297255,254644.22539493837,1298661.359416588,1634980.2221820394,0.0077073946595191956,0,65857.91681882647,0.614719832712666,0.22852507540655184,191009.50646474658,934693.6028821508,1177372.0301028488,0.07087801455054432,0,35097.38104470663,0.021683827024867857,0.008220737442523503,129138.80246375708,647337.7773259829,815378.070851655,0.002557647181674838,0
2015-02-05,404,87641.38538949264,0.06284390276511004,0.023364589550809087,254389.1592251464,1298661.3666633177,1634980.229825796,0.007246729684993625,0,65791.94659230624,0.5779948301348913,0.21487238875258552,190818.28736605315,934693.6695257269,1177372.1004038432,0.06664357613772154,0,35062.24185697276,0.020263156886614904,0.007682135299756282,129009.5143931123,647337.7797160596,815378.0733239301,0.0023900766391307116,0
2015-02-06,405,87553.59465341507,0.05908777304292676,0.021968106717849295,254134.34843502456,1298661.3734769153,1634980.2370126906,0.006813597632572055,0,65726.04445487338,0.5434638753411722,0.20203534752021066,190627.25869300545,934693.7321878327,1177372.16650486,0.06266210577450693,0,35027.13791944889,0.01893556582451184,0.007178821111313866,128880.35572046055,647337.781949544,815378.0756342276,0.0022334844106808305,0
2015-02-07,406,87465.89206278301,0.055556143655321466,0.020655093467669368,253879.7927754024,1298661.3798832684,1634980.2437700299,0.006406353088095784,0,65660.2102164444,0.5109958879589741,0.18996521989327836,190436.4203159136,934693.791106338,1177372.228656823,0.05891850532498211,0,34992.06919224183,0.0176949553142789,0.006708482698164789,128751.32631888313,647337.7840366961,815378.0777931599,0.002087152097374201,0
2015-02-08,407,87378.27751683483,0.052235594326656344,0.019420561100846025,253625.49199696368,1298661.3859067205,1634980.250123492,0.006023452151566744,0,65594.44369439685,0.48046760459319293,0.17861618156454132,190245.7721015818,934693.8465049268,1177372.2870956918,0.055398588767275214,0,34957.03563579915,0.016535625515028577,0.006268959107653304,128622.42606141645,647337.7859871049,815378.0798106464,0.001950408797711134,0
2015-02-09,408,87290.7509156578,0.04911351175340423,0.018259815523243936,253371.44585026812,1298661.391570156,1634980.2560972127,0.005663435440510511,0,65528.744713174405,0.4517631600623437,0.1679451636791059,190055.31391350526,934693.8985938536,1177372.342043262,0.05208892677910626,0,34922.03721089161,0.015452252215436254,0.005858232057227687,128493.65482106201,647337.7878097275,815378.081695952,0.0018226226093247533,0
2015-02-10,409,87203.31216013797,0.04617803531964739,0.017168440197753522,253117.65408577587,1298661.3968950936,1634980.2617138876,0.0053249376360327005,0,65463.11310382017,0.42477359529041864,0.1579116669108978,189865.04561210348,934693.9475708394,1177372.393708108,0.04897698585409671,0,34887.07387859174,0.014439859038546967,0.005474415245145889,128365.01247079845,647337.7895129361,815378.0834577366,0.0017032086616382003,0
2015-02-11,410,87115.96115191889,0.0434180131094171,0.016142281619707786,252864.1164538678,1298661.401901768,1634980.2669948572,0.0050066744443029165,0,65397.54870359752,0.399396457131108,0.14847761095602746,189674.96705491006,934693.9936217988,1177372.442286351,0.046050959383137524,0,34852.145600256896,0.013493795423801528,0.005115745914544767,128236.49888359114,647337.7911045542,815378.0851040933,0.001591618056409061,0
2015-02-12,411,87028.69779336583,0.04082295539477962,0.015177455659499193,252610.83270486075,1298661.4066091976,1634980.2719601872,0.0047074295580387115,0,65332.051355621246,0.3755354166672865,0.13960717013467003,189485.0780967589,934694.0369215469,1177372.4879623943,0.043299748096615076,0,34817.25233751285,0.012609715638399386,0.004780575752813704,128108.11393240144,647337.7925918933,815378.0866425846,0.001487339148297906,0
2015-02-13,412,86941.52198752595,0.038382997348868256,0.014270320724041892,252357.8025890282,1298661.4110352593,1634980.276628744,0.004426061641424894,0,65266.62090851458,0.35309990223539706,0.1312666493209861,189295.37858995446,934694.0776344581,1177372.5309096244,0.040712911169975996,0,34782.39405223863,0.011783558786113956,0.004467363940320642,127979.85749019527,647337.793981786,815378.0880802778,0.0013898926554247737,0
2015-02-14,413,86854.4336380814,0.03608887495461403,0.013417398318533382,252105.02585663096,1298661.4151967806,1634980.2810182644,0.004161521326750517,0,65201.25721609559,0.3320047437103289,0.12342441880627945,189105.86838442137,934694.1159150666,1177372.571291069,0.03828060848172754,0,34747.57070655266,0.011011529650320172,0.0041746732975879025,127851.72942995034,647337.7952806163,815378.0894237768,0.0012988302623853087,0
2015-02-15,414,86767.43264933159,0.03393187120344365,0.012615450610259584,251852.50225791553,1298661.419109573,1634980.2851454264,0.00391279230825603,0,65135.960137054506,0.312169865080094,0.11605070712947123,188916.54732787499,934694.1519086859,1177372.6092600147,0.03599361935630441,0,34712.78226279866,0.010290081914656374,0.0039011592036448614,127723.72962466479,647337.7964943503,815378.0906792533,0.0012137340381741524,0
2015-02-16,415,86680.51892615663,0.0319037894138797,0.01186143687097033,251600.23154313574,1298661.4227884992,1634980.2890259116,0.0036789262667298317,0,65070.7295346722,0.2935199753099434,0.1091175181792369,188727.41526595884,934694.1857519486,1177372.644960591,0.03384326270315796,0,34678.02868353335,0.009615901662988438,0.0036455649679545056,127595.8579473637,647337.7976285637,815378.0918524743,0.0011342134093865752,0
2015-02-17,416,86593.6923739852,0.029996924815966133,0.011152488216952762,251348.2134625698,1298661.4262475402,1634980.2926744632,0.0034590410068631172,0,65005.56527655169,0.27598427946342796,0.10259853779370606,188538.47204237702,934694.2175733213,1177372.6785283156,0.031821372685953975,0,34643.30993151489,0.008985892011598629,0.0034067167151548795,127468.11427110553,647337.798688466,815378.0929488285,0.0010599022498354316,0
2015-02-18,417,86506.95289876965,0.028204031999008748,0.01048591275139051,251096.4477665309,1298661.429499837,1634980.2961049436,0.003252296941354871,0,64940.46723436088,0.25949621285584645,0.0964690185138812,188349.7174990246,934694.2474935983,1177372.7100906123,0.029920276952907443,0,34608.62596969175,0.00839715901133771,0.0031835172060234404,127340.49846898846,647337.7996789265,815378.0939733523,0.000990460510365665,0
2015-02-19,418,86420.30040695853,0.026518298983832088,0.009859177840852367,250844.93420538123,1298661.4325577468,1634980.299330387,0.0030579096637666225,0,64875.43528359551,0.24399318762219477,0.09070569306638905,188161.1514761047,934694.2756263557,1177372.73976729,0.02813275740481913,0,34573.97676119262,0.007846998325349448,0.00297494117784324,127213.01041415591,647337.8006044944,815378.094930752,0.0009255679324269295,0
2015-02-20,419,86333.73480547253,0.024933320883608563,0.009269902486770079,250593.67252954384,1298661.4354328874,1634980.3023630485,0.0028751406352967024,0,64810.469303353515,0.22941635507718375,0.08528668396027067,187972.77381224168,934694.3020783843,1177372.7676710007,0.026452028658241034,0,34539.3622693168,0.0073328828000627875,0.0027800305276468006,127085.64997980195,647337.8014694215,815378.0958254253,0.0008649270748719573,0
2015-02-21,420,86247.25600168122,0.023443075687514248,0.008715847614665534,250342.66248951384,1298661.4381361827,1634980.3052144495,0.002703295322135091,0,64745.56917612365,0.21571038206903348,0.08019142101973886,187784.58434458627,934694.3269500955,1177372.7939076652,0.024871711153537035,0,34504.78245752529,0.0068524508439326325,0.002597889940607309,126958.41703917617,647337.8022776807,815378.0966614818,0.0008082592394202948,0
2015-02-22,421,86160.86390338134,0.022041901271497216,0.00819490818417437,250091.90383586887,1298661.4406779045,1634980.3078954248,0.002541721798479557,0,64680.734787586814,0.2028232411979765,0.07540056277196018,187596.58290891518,934694.3503359017,1177372.8185768786,0.023385806242004037,0,34470.2372894324,0.006403495592056747,0.0024276827503565356,126831.3114655884,647337.803032985,815378.0974427621,0.0007553042378276587,0
2015-02-23,422,86074.55841877584,0.020724473233058077,0.0077051046079181125,249841.3963192794,1298661.4430677108,1634980.3104161618,0.0023898063227534294,0,64615.96602642295,0.19070600668677762,0.0708959208856164,187408.76933972683,934694.372324587,1177372.841772297,0.021988685242831707,0,34435.72672879774,0.005983954433684385,0.0022686269851376886,126704.33313241308,647337.803738804,815378.0981728554,0.0007058189949020743,0
2015-02-24,423,85988.33945645744,0.019485787609110874,0.007244576791616267,249591.13969051672,1298661.445314679,1634980.3127862343,0.002246968215331435,0,64551.26278416162,0.1793126966139802,0.06666040107772431,187221.14347031634,934694.3929995932,1177372.8635819412,0.020675006206147373,0,34401.250739519994,0.005591900958015303,0.0021199922917962875,126577.48191309269,647337.8043983789,815378.0988551144,0.0006595749873667955,0
2015-02-25,424,85902.20692538693,0.01832113802963898,0.006811575127658883,249341.13370046328,1298661.4474273457,1634980.3150146483,0.0021126666106283665,0,64486.62495498278,0.16860006219175772,0.06267792526515747,187033.70513287466,934694.4124394022,1177372.8840886012,0.019439809024333954,0,34366.809285628675,0.005225534259398529,0.001981095905974972,126450.75768114234,647337.8050147396,815378.0994926726,0.0006163606885820627,0
2015-02-26,425,85816.160734876,0.017226097887332193,0.006404453684155021,249091.37810012125,1298661.4494137415,1634980.3171098726,0.001986395800486207,0,64422.052435561585,0.1585274237202701,0.058933370753406905,186846.45415856593,934694.4307178349,1177372.9033701478,0.018278432660736144,0,34332.402331277786,0.004883170662706405,0.001851299523847444,126324.16031015318,647337.8055907184,815378.1000884604,0.0005759787745773792,0
2015-02-27,426,85730.20079457492,0.0161965074718223,0.006021664576280091,248841.8726406183,1298661.4512814123,1634980.3190798673,0.0018676707986742258,0,64357.54512495535,0.14905655084399305,0.055412526526287115,186659.3903775839,934694.447904265,1177372.9214997638,0.017186430166475475,0,34298.029840741205,0.004563237785996059,0.0017300070920567238,126197.68967379494,647337.8061289606,815378.1006452135,0.0005382421659305692,0
2015-02-28,427,85644.32701445518,0.015228455195659041,0.005661752980311798,248592.61707321598,1298661.4530374538,1634980.320932117,0.00175604154355824,0,64293.1029244434,0.14015149399245336,0.05210202868515263,186472.51361923173,934694.4640639287,1177372.938546265,0.01615966367535293,0,34263.69177840622,0.004264266108733854,0.0016166615146138489,126071.34564581949,647337.8066319383,815378.1011654898,0.0005029777530580759,0
2015-03-01,428,85558.53930479586,0.014318262781567517,0.0053233525048243194,248343.6111493159,1298661.454688539,1634980.322673659,0.001651085214689374,0,64228.7257373996,0.1317784500527083,0.04898930967613537,186285.82371198578,934694.4792581684,1177372.9545743598,0.01519423967693001,0,34229.38810876831,0.003984882317104813,0.0015107420874920358,125945.12810006361,647337.8071019625,815378.1016516788,0.0004700241843238473,0
2015-03-02,430,85472.83757617041,0.013462471216456828,0.005005180579863551,248094.85462046627,1298661.4562409387,1634980.3243111111,0.0,0,64164.413469171304,0.1239056345666967,0.04606255019728455,186099.3204835558,934694.4935446638,1177372.9696448927,0.0,0,34195.11879642636,0.003723803022775521,0.0014117620877245637,125819.0369104517,647337.8075411918,815378.102106014,0.0,0
